AREA NAME,Crm Cd Desc,Count
77th Street,ARSON,28
77th Street,ASSAULT WITH DEADLY WEAPON ON POLICE OFFICER,21
77th Street,"ASSAULT WITH DEADLY WEAPON, AGGRAVATED ASSAULT",1335
77th Street,ATTEMPTED ROBBERY,123
77th Street,BATTERY - SIMPLE ASSAULT,1050
77th Street,BATTERY POLICE (SIMPLE),69
77th Street,BATTERY WITH SEXUAL CONTACT,55
77th Street,BIKE - STOLEN,2
77th Street,BOAT - STOLEN,2
77th Street,BOMB SCARE,1
77th Street,BRANDISH WEAPON,330
77th Street,"BUNCO, ATTEMPT",7
77th Street,"BUNCO, GRAND THEFT",31
77th Street,"BUNCO, PETTY THEFT",16
77th Street,BURGLARY,461
77th Street,BURGLARY FROM VEHICLE,336
77th Street,"BURGLARY FROM VEHICLE, ATTEMPTED",3
77th Street,"BURGLARY, ATTEMPTED",31
77th Street,CHILD ABANDONMENT,1
77th Street,CHILD ABUSE (PHYSICAL) - AGGRAVATED ASSAULT,19
77th Street,CHILD ABUSE (PHYSICAL) - SIMPLE ASSAULT,71
77th Street,CHILD ANNOYING (17YRS & UNDER),13
77th Street,CHILD NEGLECT (SEE 300 W.I.C.),16
77th Street,CHILD PORNOGRAPHY,5
77th Street,CHILD STEALING,12
77th Street,CONTEMPT OF COURT,157
77th Street,CONTRIBUTING,1
77th Street,"CREDIT CARDS, FRAUD USE ($950 & UNDER",4
77th Street,CRIMINAL HOMICIDE,54
77th Street,CRIMINAL THREATS - NO WEAPON DISPLAYED,397
77th Street,CRM AGNST CHLD (13 OR UNDER) (14-15 & SUSP 10 YRS OLDER),34
77th Street,CRUELTY TO ANIMALS,4
77th Street,"DEFRAUDING INNKEEPER/THEFT OF SERVICES, $950 & UNDER",3
77th Street,DISCHARGE FIREARMS/SHOTS FIRED,72
77th Street,DISTURBING THE PEACE,1
77th Street,DOCUMENT FORGERY / STOLEN FELONY,20
77th Street,DOCUMENT WORTHLESS ($200.01 & OVER),1
77th Street,DRIVING WITHOUT OWNER CONSENT (DWOC),5
77th Street,"EMBEZZLEMENT, GRAND THEFT ($950.01 & OVER)",8
77th Street,"EMBEZZLEMENT, PETTY THEFT ($950 & UNDER)",2
77th Street,EXTORTION,24
77th Street,FAILURE TO YIELD,64
77th Street,FALSE IMPRISONMENT,5
77th Street,FALSE POLICE REPORT,1
77th Street,GRAND THEFT / AUTO REPAIR,1
77th Street,HUMAN TRAFFICKING - COMMERCIAL SEX ACTS,57
77th Street,HUMAN TRAFFICKING - INVOLUNTARY SERVITUDE,13
77th Street,ILLEGAL DUMPING,1
77th Street,INDECENT EXPOSURE,18
77th Street,INTIMATE PARTNER - AGGRAVATED ASSAULT,344
77th Street,INTIMATE PARTNER - SIMPLE ASSAULT,925
77th Street,KIDNAPPING,23
77th Street,KIDNAPPING - GRAND ATTEMPT,12
77th Street,"LETTERS, LEWD  -  TELEPHONE CALLS, LEWD",76
77th Street,LEWD CONDUCT,5
77th Street,ORAL COPULATION,19
77th Street,OTHER ASSAULT,36
77th Street,OTHER MISCELLANEOUS CRIME,79
77th Street,PEEPING TOM,5
77th Street,PICKPOCKET,6
77th Street,PIMPING,9
77th Street,PURSE SNATCHING,1
77th Street,"RAPE, ATTEMPTED",4
77th Street,"RAPE, FORCIBLE",75
77th Street,RECKLESS DRIVING,4
77th Street,RESISTING ARREST,23
77th Street,ROBBERY,934
77th Street,"SEX,UNLAWFUL(INC MUTUAL CONSENT, PENETRATION W/ FRGN OBJ",22
77th Street,SEXUAL PENETRATION W/FOREIGN OBJECT,10
77th Street,SHOPLIFTING - ATTEMPT,1
77th Street,SHOPLIFTING - PETTY THEFT ($950 & UNDER),52
77th Street,SHOPLIFTING-GRAND THEFT ($950.01 & OVER),16
77th Street,SHOTS FIRED AT INHABITED DWELLING,80
77th Street,"SHOTS FIRED AT MOVING VEHICLE, TRAIN OR AIRCRAFT",35
77th Street,SODOMY/SEXUAL CONTACT B/W PENIS OF ONE PERS TO ANUS OTH,4
77th Street,STALKING,13
77th Street,THEFT FROM MOTOR VEHICLE - ATTEMPT,11
77th Street,THEFT FROM MOTOR VEHICLE - GRAND ($950.01 AND OVER),370
77th Street,THEFT FROM MOTOR VEHICLE - PETTY ($950 & UNDER),367
77th Street,THEFT FROM PERSON - ATTEMPT,2
77th Street,THEFT OF IDENTITY,2037
77th Street,THEFT PLAIN - ATTEMPT,7
77th Street,THEFT PLAIN - PETTY ($950 & UNDER),426
77th Street,"THEFT, PERSON",82
77th Street,"THEFT-GRAND ($950.01 & OVER)EXCPT,GUNS,FOWL,LIVESTK,PROD",286
77th Street,THREATENING PHONE CALLS/LETTERS,6
77th Street,THROWING OBJECT AT MOVING VEHICLE,5
77th Street,TRESPASSING,71
77th Street,UNAUTHORIZED COMPUTER ACCESS,5
77th Street,"VANDALISM - FELONY ($400 & OVER, ALL CHURCH VANDALISMS)",717
77th Street,VANDALISM - MISDEAMEANOR ($399 OR UNDER),316
77th Street,VEHICLE - ATTEMPT STOLEN,36
77th Street,VEHICLE - STOLEN,1804
77th Street,"VEHICLE, STOLEN - OTHER (MOTORIZED SCOOTERS, BIKES, ETC)",1
77th Street,VIOLATION OF COURT ORDER,49
77th Street,VIOLATION OF RESTRAINING ORDER,166
77th Street,VIOLATION OF TEMPORARY RESTRAINING ORDER,5
77th Street,WEAPONS POSSESSION/BOMBING,1
Central,ARSON,40
Central,ASSAULT WITH DEADLY WEAPON ON POLICE OFFICER,13
Central,"ASSAULT WITH DEADLY WEAPON, AGGRAVATED ASSAULT",1083
Central,ATTEMPTED ROBBERY,133
Central,BATTERY - SIMPLE ASSAULT,1822
Central,BATTERY ON A FIREFIGHTER,11
Central,BATTERY POLICE (SIMPLE),82
Central,BATTERY WITH SEXUAL CONTACT,103
Central,BIKE - STOLEN,197
Central,BOMB SCARE,26
Central,BRANDISH WEAPON,304
Central,"BUNCO, ATTEMPT",4
Central,"BUNCO, GRAND THEFT",58
Central,"BUNCO, PETTY THEFT",24
Central,BURGLARY,593
Central,BURGLARY FROM VEHICLE,2941
Central,"BURGLARY FROM VEHICLE, ATTEMPTED",10
Central,"BURGLARY, ATTEMPTED",49
Central,CHILD ABANDONMENT,2
Central,CHILD ABUSE (PHYSICAL) - AGGRAVATED ASSAULT,2
Central,CHILD ABUSE (PHYSICAL) - SIMPLE ASSAULT,18
Central,CHILD ANNOYING (17YRS & UNDER),7
Central,CHILD NEGLECT (SEE 300 W.I.C.),13
Central,CHILD PORNOGRAPHY,3
Central,CHILD STEALING,2
Central,CONTEMPT OF COURT,2
Central,COUNTERFEIT,2
Central,"CREDIT CARDS, FRAUD USE ($950 & UNDER",4
Central,"CREDIT CARDS, FRAUD USE ($950.01 & OVER)",2
Central,CRIMINAL HOMICIDE,26
Central,CRIMINAL THREATS - NO WEAPON DISPLAYED,317
Central,CRM AGNST CHLD (13 OR UNDER) (14-15 & SUSP 10 YRS OLDER),4
Central,CRUELTY TO ANIMALS,4
Central,"DEFRAUDING INNKEEPER/THEFT OF SERVICES, $950 & UNDER",4
Central,"DEFRAUDING INNKEEPER/THEFT OF SERVICES, OVER $950.01",2
Central,DISCHARGE FIREARMS/SHOTS FIRED,35
Central,DISHONEST EMPLOYEE - GRAND THEFT,1
Central,DISTURBING THE PEACE,9
Central,DOCUMENT FORGERY / STOLEN FELONY,27
Central,DRIVING WITHOUT OWNER CONSENT (DWOC),2
Central,DRUNK ROLL,2
Central,"EMBEZZLEMENT, GRAND THEFT ($950.01 & OVER)",45
Central,"EMBEZZLEMENT, PETTY THEFT ($950 & UNDER)",4
Central,EXTORTION,13
Central,FAILURE TO YIELD,18
Central,FALSE IMPRISONMENT,12
Central,FALSE POLICE REPORT,6
Central,FIREARMS EMERGENCY PROTECTIVE ORDER (FIREARMS EPO),1
Central,HUMAN TRAFFICKING - COMMERCIAL SEX ACTS,1
Central,ILLEGAL DUMPING,1
Central,INDECENT EXPOSURE,23
Central,INTIMATE PARTNER - AGGRAVATED ASSAULT,171
Central,INTIMATE PARTNER - SIMPLE ASSAULT,559
Central,KIDNAPPING,16
Central,KIDNAPPING - GRAND ATTEMPT,2
Central,"LETTERS, LEWD  -  TELEPHONE CALLS, LEWD",82
Central,LEWD CONDUCT,16
Central,LEWD/LASCIVIOUS ACTS WITH CHILD,3
Central,LYNCHING,2
Central,LYNCHING - ATTEMPTED,1
Central,ORAL COPULATION,23
Central,OTHER ASSAULT,146
Central,OTHER MISCELLANEOUS CRIME,110
Central,PEEPING TOM,1
Central,PICKPOCKET,232
Central,"PICKPOCKET, ATTEMPT",1
Central,PROWLER,1
Central,PURSE SNATCHING,2
Central,"RAPE, ATTEMPTED",5
Central,"RAPE, FORCIBLE",87
Central,RECKLESS DRIVING,7
Central,RESISTING ARREST,16
Central,ROBBERY,695
Central,SEX OFFENDER REGISTRANT OUT OF COMPLIANCE,44
Central,"SEX,UNLAWFUL(INC MUTUAL CONSENT, PENETRATION W/ FRGN OBJ",1
Central,SEXUAL PENETRATION W/FOREIGN OBJECT,15
Central,SHOPLIFTING - ATTEMPT,2
Central,SHOPLIFTING - PETTY THEFT ($950 & UNDER),727
Central,SHOPLIFTING-GRAND THEFT ($950.01 & OVER),42
Central,SHOTS FIRED AT INHABITED DWELLING,8
Central,SODOMY/SEXUAL CONTACT B/W PENIS OF ONE PERS TO ANUS OTH,12
Central,STALKING,4
Central,THEFT FROM MOTOR VEHICLE - ATTEMPT,9
Central,THEFT FROM MOTOR VEHICLE - GRAND ($950.01 AND OVER),545
Central,THEFT FROM MOTOR VEHICLE - PETTY ($950 & UNDER),245
Central,THEFT FROM PERSON - ATTEMPT,7
Central,THEFT OF IDENTITY,743
Central,THEFT PLAIN - ATTEMPT,9
Central,THEFT PLAIN - PETTY ($950 & UNDER),962
Central,"THEFT, PERSON",205
Central,"THEFT-GRAND ($950.01 & OVER)EXCPT,GUNS,FOWL,LIVESTK,PROD",744
Central,THREATENING PHONE CALLS/LETTERS,1
Central,THROWING OBJECT AT MOVING VEHICLE,14
Central,TRESPASSING,167
Central,UNAUTHORIZED COMPUTER ACCESS,3
Central,"VANDALISM - FELONY ($400 & OVER, ALL CHURCH VANDALISMS)",1132
Central,VANDALISM - MISDEAMEANOR ($399 OR UNDER),370
Central,VEHICLE - ATTEMPT STOLEN,38
Central,VEHICLE - STOLEN,1199
Central,"VEHICLE, STOLEN - OTHER (MOTORIZED SCOOTERS, BIKES, ETC)",59
Central,VIOLATION OF COURT ORDER,40
Central,VIOLATION OF RESTRAINING ORDER,73
Central,VIOLATION OF TEMPORARY RESTRAINING ORDER,4
Central,WEAPONS POSSESSION/BOMBING,1
Devonshire,ARSON,11
Devonshire,ASSAULT WITH DEADLY WEAPON ON POLICE OFFICER,4
Devonshire,"ASSAULT WITH DEADLY WEAPON, AGGRAVATED ASSAULT",338
Devonshire,ATTEMPTED ROBBERY,34
Devonshire,BATTERY - SIMPLE ASSAULT,649
Devonshire,BATTERY POLICE (SIMPLE),11
Devonshire,BATTERY WITH SEXUAL CONTACT,53
Devonshire,BIKE - STOLEN,36
Devonshire,BOAT - STOLEN,5
Devonshire,BOMB SCARE,4
Devonshire,BRANDISH WEAPON,109
Devonshire,"BUNCO, ATTEMPT",2
Devonshire,"BUNCO, GRAND THEFT",120
Devonshire,"BUNCO, PETTY THEFT",29
Devonshire,BURGLARY,860
Devonshire,BURGLARY FROM VEHICLE,486
Devonshire,"BURGLARY FROM VEHICLE, ATTEMPTED",6
Devonshire,"BURGLARY, ATTEMPTED",64
Devonshire,CHILD ABUSE (PHYSICAL) - AGGRAVATED ASSAULT,11
Devonshire,CHILD ABUSE (PHYSICAL) - SIMPLE ASSAULT,46
Devonshire,CHILD ANNOYING (17YRS & UNDER),15
Devonshire,CHILD NEGLECT (SEE 300 W.I.C.),14
Devonshire,CHILD PORNOGRAPHY,4
Devonshire,CHILD STEALING,4
Devonshire,CONTEMPT OF COURT,34
Devonshire,CONTRIBUTING,1
Devonshire,COUNTERFEIT,2
Devonshire,"CREDIT CARDS, FRAUD USE ($950.01 & OVER)",5
Devonshire,CRIMINAL HOMICIDE,8
Devonshire,CRIMINAL THREATS - NO WEAPON DISPLAYED,163
Devonshire,CRM AGNST CHLD (13 OR UNDER) (14-15 & SUSP 10 YRS OLDER),16
Devonshire,CRUELTY TO ANIMALS,3
Devonshire,"DEFRAUDING INNKEEPER/THEFT OF SERVICES, $950 & UNDER",3
Devonshire,DISCHARGE FIREARMS/SHOTS FIRED,14
Devonshire,DISTURBING THE PEACE,27
Devonshire,DOCUMENT FORGERY / STOLEN FELONY,63
Devonshire,DRIVING WITHOUT OWNER CONSENT (DWOC),1
Devonshire,"DRUGS, TO A MINOR",1
Devonshire,"EMBEZZLEMENT, GRAND THEFT ($950.01 & OVER)",36
Devonshire,"EMBEZZLEMENT, PETTY THEFT ($950 & UNDER)",6
Devonshire,EXTORTION,21
Devonshire,FAILURE TO YIELD,10
Devonshire,FALSE IMPRISONMENT,1
Devonshire,ILLEGAL DUMPING,2
Devonshire,INCEST (SEXUAL ACTS BETWEEN BLOOD RELATIVES),1
Devonshire,INDECENT EXPOSURE,8
Devonshire,INTIMATE PARTNER - AGGRAVATED ASSAULT,85
Devonshire,INTIMATE PARTNER - SIMPLE ASSAULT,462
Devonshire,KIDNAPPING,7
Devonshire,KIDNAPPING - GRAND ATTEMPT,2
Devonshire,"LETTERS, LEWD  -  TELEPHONE CALLS, LEWD",97
Devonshire,LEWD CONDUCT,6
Devonshire,LEWD/LASCIVIOUS ACTS WITH CHILD,1
Devonshire,ORAL COPULATION,4
Devonshire,OTHER ASSAULT,41
Devonshire,OTHER MISCELLANEOUS CRIME,67
Devonshire,PEEPING TOM,3
Devonshire,PICKPOCKET,22
Devonshire,PROWLER,3
Devonshire,PURSE SNATCHING,1
Devonshire,"RAPE, ATTEMPTED",3
Devonshire,"RAPE, FORCIBLE",20
Devonshire,RECKLESS DRIVING,2
Devonshire,RESISTING ARREST,4
Devonshire,ROBBERY,201
Devonshire,SEX OFFENDER REGISTRANT OUT OF COMPLIANCE,4
Devonshire,"SEX,UNLAWFUL(INC MUTUAL CONSENT, PENETRATION W/ FRGN OBJ",20
Devonshire,SEXUAL PENETRATION W/FOREIGN OBJECT,12
Devonshire,SHOPLIFTING - PETTY THEFT ($950 & UNDER),317
Devonshire,SHOPLIFTING-GRAND THEFT ($950.01 & OVER),102
Devonshire,SHOTS FIRED AT INHABITED DWELLING,11
Devonshire,"SHOTS FIRED AT MOVING VEHICLE, TRAIN OR AIRCRAFT",4
Devonshire,SODOMY/SEXUAL CONTACT B/W PENIS OF ONE PERS TO ANUS OTH,3
Devonshire,STALKING,6
Devonshire,THEFT FROM MOTOR VEHICLE - ATTEMPT,16
Devonshire,THEFT FROM MOTOR VEHICLE - GRAND ($950.01 AND OVER),639
Devonshire,THEFT FROM MOTOR VEHICLE - PETTY ($950 & UNDER),411
Devonshire,THEFT FROM PERSON - ATTEMPT,1
Devonshire,THEFT OF IDENTITY,990
Devonshire,THEFT PLAIN - ATTEMPT,5
Devonshire,THEFT PLAIN - PETTY ($950 & UNDER),432
Devonshire,"THEFT, PERSON",25
Devonshire,"THEFT-GRAND ($950.01 & OVER)EXCPT,GUNS,FOWL,LIVESTK,PROD",368
Devonshire,THREATENING PHONE CALLS/LETTERS,8
Devonshire,THROWING OBJECT AT MOVING VEHICLE,8
Devonshire,TILL TAP - PETTY ($950 & UNDER),1
Devonshire,TRESPASSING,132
Devonshire,UNAUTHORIZED COMPUTER ACCESS,6
Devonshire,"VANDALISM - FELONY ($400 & OVER, ALL CHURCH VANDALISMS)",449
Devonshire,VANDALISM - MISDEAMEANOR ($399 OR UNDER),143
Devonshire,VEHICLE - ATTEMPT STOLEN,19
Devonshire,VEHICLE - STOLEN,878
Devonshire,"VEHICLE, STOLEN - OTHER (MOTORIZED SCOOTERS, BIKES, ETC)",8
Devonshire,VIOLATION OF COURT ORDER,73
Devonshire,VIOLATION OF RESTRAINING ORDER,71
Devonshire,VIOLATION OF TEMPORARY RESTRAINING ORDER,52
Foothill,ARSON,22
Foothill,ASSAULT WITH DEADLY WEAPON ON POLICE OFFICER,13
Foothill,"ASSAULT WITH DEADLY WEAPON, AGGRAVATED ASSAULT",398
Foothill,ATTEMPTED ROBBERY,25
Foothill,BATTERY - SIMPLE ASSAULT,531
Foothill,BATTERY POLICE (SIMPLE),5
Foothill,BATTERY WITH SEXUAL CONTACT,31
Foothill,BIKE - STOLEN,7
Foothill,BOAT - STOLEN,1
Foothill,BOMB SCARE,1
Foothill,BRANDISH WEAPON,85
Foothill,"BUNCO, ATTEMPT",2
Foothill,"BUNCO, GRAND THEFT",63
Foothill,"BUNCO, PETTY THEFT",12
Foothill,BURGLARY,480
Foothill,BURGLARY FROM VEHICLE,313
Foothill,"BURGLARY FROM VEHICLE, ATTEMPTED",1
Foothill,"BURGLARY, ATTEMPTED",35
Foothill,CHILD ABANDONMENT,1
Foothill,CHILD ABUSE (PHYSICAL) - AGGRAVATED ASSAULT,5
Foothill,CHILD ABUSE (PHYSICAL) - SIMPLE ASSAULT,33
Foothill,CHILD ANNOYING (17YRS & UNDER),15
Foothill,CHILD NEGLECT (SEE 300 W.I.C.),15
Foothill,CHILD PORNOGRAPHY,4
Foothill,CHILD STEALING,3
Foothill,CONTEMPT OF COURT,93
Foothill,COUNTERFEIT,2
Foothill,"CREDIT CARDS, FRAUD USE ($950 & UNDER",4
Foothill,"CREDIT CARDS, FRAUD USE ($950.01 & OVER)",1
Foothill,CRIMINAL HOMICIDE,13
Foothill,CRIMINAL THREATS - NO WEAPON DISPLAYED,151
Foothill,CRM AGNST CHLD (13 OR UNDER) (14-15 & SUSP 10 YRS OLDER),37
Foothill,CRUELTY TO ANIMALS,3
Foothill,"DEFRAUDING INNKEEPER/THEFT OF SERVICES, $950 & UNDER",1
Foothill,DISCHARGE FIREARMS/SHOTS FIRED,25
Foothill,DISTURBING THE PEACE,8
Foothill,DOCUMENT FORGERY / STOLEN FELONY,26
Foothill,DOCUMENT WORTHLESS ($200.01 & OVER),1
Foothill,DRIVING WITHOUT OWNER CONSENT (DWOC),1
Foothill,"EMBEZZLEMENT, GRAND THEFT ($950.01 & OVER)",20
Foothill,EXTORTION,26
Foothill,FAILURE TO YIELD,18
Foothill,FALSE IMPRISONMENT,5
Foothill,FALSE POLICE REPORT,1
Foothill,ILLEGAL DUMPING,2
Foothill,INCEST (SEXUAL ACTS BETWEEN BLOOD RELATIVES),1
Foothill,INDECENT EXPOSURE,30
Foothill,INTIMATE PARTNER - AGGRAVATED ASSAULT,78
Foothill,INTIMATE PARTNER - SIMPLE ASSAULT,413
Foothill,KIDNAPPING,11
Foothill,KIDNAPPING - GRAND ATTEMPT,6
Foothill,"LETTERS, LEWD  -  TELEPHONE CALLS, LEWD",65
Foothill,LEWD CONDUCT,4
Foothill,LEWD/LASCIVIOUS ACTS WITH CHILD,2
Foothill,ORAL COPULATION,7
Foothill,OTHER ASSAULT,24
Foothill,OTHER MISCELLANEOUS CRIME,60
Foothill,PEEPING TOM,3
Foothill,PICKPOCKET,2
Foothill,PROWLER,1
Foothill,"RAPE, ATTEMPTED",5
Foothill,"RAPE, FORCIBLE",28
Foothill,RECKLESS DRIVING,2
Foothill,RESISTING ARREST,7
Foothill,ROBBERY,155
Foothill,SEX OFFENDER REGISTRANT OUT OF COMPLIANCE,8
Foothill,"SEX,UNLAWFUL(INC MUTUAL CONSENT, PENETRATION W/ FRGN OBJ",15
Foothill,SEXUAL PENETRATION W/FOREIGN OBJECT,7
Foothill,SHOPLIFTING - PETTY THEFT ($950 & UNDER),162
Foothill,SHOPLIFTING-GRAND THEFT ($950.01 & OVER),48
Foothill,SHOTS FIRED AT INHABITED DWELLING,10
Foothill,"SHOTS FIRED AT MOVING VEHICLE, TRAIN OR AIRCRAFT",7
Foothill,SODOMY/SEXUAL CONTACT B/W PENIS OF ONE PERS TO ANUS OTH,3
Foothill,STALKING,6
Foothill,THEFT FROM MOTOR VEHICLE - ATTEMPT,6
Foothill,THEFT FROM MOTOR VEHICLE - GRAND ($950.01 AND OVER),391
Foothill,THEFT FROM MOTOR VEHICLE - PETTY ($950 & UNDER),344
Foothill,THEFT OF IDENTITY,1027
Foothill,THEFT PLAIN - ATTEMPT,4
Foothill,THEFT PLAIN - PETTY ($950 & UNDER),303
Foothill,"THEFT, PERSON",15
Foothill,"THEFT-GRAND ($950.01 & OVER)EXCPT,GUNS,FOWL,LIVESTK,PROD",244
Foothill,THROWING OBJECT AT MOVING VEHICLE,8
Foothill,TRESPASSING,65
Foothill,UNAUTHORIZED COMPUTER ACCESS,7
Foothill,"VANDALISM - FELONY ($400 & OVER, ALL CHURCH VANDALISMS)",446
Foothill,VANDALISM - MISDEAMEANOR ($399 OR UNDER),160
Foothill,VEHICLE - ATTEMPT STOLEN,20
Foothill,VEHICLE - STOLEN,889
Foothill,"VEHICLE, STOLEN - OTHER (MOTORIZED SCOOTERS, BIKES, ETC)",2
Foothill,VIOLATION OF COURT ORDER,95
Foothill,VIOLATION OF RESTRAINING ORDER,128
Foothill,VIOLATION OF TEMPORARY RESTRAINING ORDER,1
Harbor,ARSON,18
Harbor,ASSAULT WITH DEADLY WEAPON ON POLICE OFFICER,12
Harbor,"ASSAULT WITH DEADLY WEAPON, AGGRAVATED ASSAULT",564
Harbor,ATTEMPTED ROBBERY,40
Harbor,BATTERY - SIMPLE ASSAULT,712
Harbor,BATTERY POLICE (SIMPLE),15
Harbor,BATTERY WITH SEXUAL CONTACT,30
Harbor,BIKE - STOLEN,17
Harbor,BOAT - STOLEN,8
Harbor,BOMB SCARE,2
Harbor,BRANDISH WEAPON,155
Harbor,"BUNCO, ATTEMPT",5
Harbor,"BUNCO, GRAND THEFT",36
Harbor,"BUNCO, PETTY THEFT",12
Harbor,BURGLARY,547
Harbor,BURGLARY FROM VEHICLE,355
Harbor,"BURGLARY FROM VEHICLE, ATTEMPTED",9
Harbor,"BURGLARY, ATTEMPTED",35
Harbor,CHILD ABUSE (PHYSICAL) - AGGRAVATED ASSAULT,3
Harbor,CHILD ABUSE (PHYSICAL) - SIMPLE ASSAULT,83
Harbor,CHILD ANNOYING (17YRS & UNDER),10
Harbor,CHILD NEGLECT (SEE 300 W.I.C.),7
Harbor,CHILD PORNOGRAPHY,4
Harbor,CHILD STEALING,3
Harbor,CONTEMPT OF COURT,5
Harbor,CONTRIBUTING,1
Harbor,"CREDIT CARDS, FRAUD USE ($950 & UNDER",4
Harbor,"CREDIT CARDS, FRAUD USE ($950.01 & OVER)",5
Harbor,CRIMINAL HOMICIDE,17
Harbor,CRIMINAL THREATS - NO WEAPON DISPLAYED,248
Harbor,CRM AGNST CHLD (13 OR UNDER) (14-15 & SUSP 10 YRS OLDER),27
Harbor,CRUELTY TO ANIMALS,3
Harbor,"DEFRAUDING INNKEEPER/THEFT OF SERVICES, $950 & UNDER",6
Harbor,"DEFRAUDING INNKEEPER/THEFT OF SERVICES, OVER $950.01",3
Harbor,DISCHARGE FIREARMS/SHOTS FIRED,46
Harbor,DISTURBING THE PEACE,8
Harbor,DOCUMENT FORGERY / STOLEN FELONY,28
Harbor,DOCUMENT WORTHLESS ($200 & UNDER),1
Harbor,"EMBEZZLEMENT, GRAND THEFT ($950.01 & OVER)",15
Harbor,EXTORTION,18
Harbor,FAILURE TO YIELD,25
Harbor,FALSE IMPRISONMENT,3
Harbor,FALSE POLICE REPORT,2
Harbor,HUMAN TRAFFICKING - COMMERCIAL SEX ACTS,1
Harbor,INDECENT EXPOSURE,12
Harbor,INTIMATE PARTNER - AGGRAVATED ASSAULT,156
Harbor,INTIMATE PARTNER - SIMPLE ASSAULT,590
Harbor,KIDNAPPING,5
Harbor,KIDNAPPING - GRAND ATTEMPT,2
Harbor,"LETTERS, LEWD  -  TELEPHONE CALLS, LEWD",59
Harbor,LEWD CONDUCT,3
Harbor,ORAL COPULATION,9
Harbor,OTHER ASSAULT,45
Harbor,OTHER MISCELLANEOUS CRIME,72
Harbor,PEEPING TOM,5
Harbor,PICKPOCKET,5
Harbor,PROWLER,1
Harbor,PURSE SNATCHING,1
Harbor,"RAPE, ATTEMPTED",3
Harbor,"RAPE, FORCIBLE",36
Harbor,RECKLESS DRIVING,1
Harbor,RESISTING ARREST,9
Harbor,ROBBERY,249
Harbor,SEX OFFENDER REGISTRANT OUT OF COMPLIANCE,24
Harbor,"SEX,UNLAWFUL(INC MUTUAL CONSENT, PENETRATION W/ FRGN OBJ",15
Harbor,SEXUAL PENETRATION W/FOREIGN OBJECT,18
Harbor,SHOPLIFTING - ATTEMPT,4
Harbor,SHOPLIFTING - PETTY THEFT ($950 & UNDER),118
Harbor,SHOPLIFTING-GRAND THEFT ($950.01 & OVER),26
Harbor,SHOTS FIRED AT INHABITED DWELLING,19
Harbor,"SHOTS FIRED AT MOVING VEHICLE, TRAIN OR AIRCRAFT",1
Harbor,SODOMY/SEXUAL CONTACT B/W PENIS OF ONE PERS TO ANUS OTH,5
Harbor,STALKING,5
Harbor,TELEPHONE PROPERTY - DAMAGE,1
Harbor,THEFT FROM MOTOR VEHICLE - ATTEMPT,6
Harbor,THEFT FROM MOTOR VEHICLE - GRAND ($950.01 AND OVER),332
Harbor,THEFT FROM MOTOR VEHICLE - PETTY ($950 & UNDER),278
Harbor,THEFT OF IDENTITY,660
Harbor,THEFT PLAIN - ATTEMPT,3
Harbor,THEFT PLAIN - PETTY ($950 & UNDER),360
Harbor,"THEFT, COIN MACHINE - PETTY ($950 & UNDER)",1
Harbor,"THEFT, PERSON",13
Harbor,"THEFT-GRAND ($950.01 & OVER)EXCPT,GUNS,FOWL,LIVESTK,PROD",261
Harbor,THREATENING PHONE CALLS/LETTERS,6
Harbor,THROWING OBJECT AT MOVING VEHICLE,11
Harbor,TRESPASSING,94
Harbor,UNAUTHORIZED COMPUTER ACCESS,3
Harbor,"VANDALISM - FELONY ($400 & OVER, ALL CHURCH VANDALISMS)",557
Harbor,VANDALISM - MISDEAMEANOR ($399 OR UNDER),239
Harbor,VEHICLE - ATTEMPT STOLEN,44
Harbor,VEHICLE - STOLEN,1303
Harbor,"VEHICLE, STOLEN - OTHER (MOTORIZED SCOOTERS, BIKES, ETC)",15
Harbor,VIOLATION OF COURT ORDER,81
Harbor,VIOLATION OF RESTRAINING ORDER,278
Harbor,VIOLATION OF TEMPORARY RESTRAINING ORDER,3
Hollenbeck,ARSON,20
Hollenbeck,ASSAULT WITH DEADLY WEAPON ON POLICE OFFICER,16
Hollenbeck,"ASSAULT WITH DEADLY WEAPON, AGGRAVATED ASSAULT",625
Hollenbeck,ATTEMPTED ROBBERY,33
Hollenbeck,BATTERY - SIMPLE ASSAULT,709
Hollenbeck,BATTERY ON A FIREFIGHTER,4
Hollenbeck,BATTERY POLICE (SIMPLE),22
Hollenbeck,BATTERY WITH SEXUAL CONTACT,41
Hollenbeck,BIKE - STOLEN,7
Hollenbeck,BOMB SCARE,1
Hollenbeck,BRANDISH WEAPON,125
Hollenbeck,"BUNCO, ATTEMPT",1
Hollenbeck,"BUNCO, GRAND THEFT",30
Hollenbeck,"BUNCO, PETTY THEFT",12
Hollenbeck,BURGLARY,412
Hollenbeck,BURGLARY FROM VEHICLE,279
Hollenbeck,"BURGLARY FROM VEHICLE, ATTEMPTED",4
Hollenbeck,"BURGLARY, ATTEMPTED",36
Hollenbeck,CHILD ABUSE (PHYSICAL) - AGGRAVATED ASSAULT,12
Hollenbeck,CHILD ABUSE (PHYSICAL) - SIMPLE ASSAULT,33
Hollenbeck,CHILD ANNOYING (17YRS & UNDER),19
Hollenbeck,CHILD NEGLECT (SEE 300 W.I.C.),12
Hollenbeck,CHILD PORNOGRAPHY,3
Hollenbeck,CHILD STEALING,1
Hollenbeck,CONTEMPT OF COURT,16
Hollenbeck,"CREDIT CARDS, FRAUD USE ($950 & UNDER",1
Hollenbeck,"CREDIT CARDS, FRAUD USE ($950.01 & OVER)",1
Hollenbeck,CRIMINAL HOMICIDE,32
Hollenbeck,CRIMINAL THREATS - NO WEAPON DISPLAYED,163
Hollenbeck,CRM AGNST CHLD (13 OR UNDER) (14-15 & SUSP 10 YRS OLDER),21
Hollenbeck,CRUELTY TO ANIMALS,2
Hollenbeck,DISCHARGE FIREARMS/SHOTS FIRED,33
Hollenbeck,DISHONEST EMPLOYEE - GRAND THEFT,2
Hollenbeck,DOCUMENT FORGERY / STOLEN FELONY,16
Hollenbeck,DOCUMENT WORTHLESS ($200.01 & OVER),1
Hollenbeck,DRIVING WITHOUT OWNER CONSENT (DWOC),1
Hollenbeck,"EMBEZZLEMENT, GRAND THEFT ($950.01 & OVER)",9
Hollenbeck,EXTORTION,11
Hollenbeck,FAILURE TO YIELD,12
Hollenbeck,FALSE IMPRISONMENT,5
Hollenbeck,FALSE POLICE REPORT,1
Hollenbeck,GRAND THEFT / AUTO REPAIR,1
Hollenbeck,ILLEGAL DUMPING,1
Hollenbeck,INDECENT EXPOSURE,13
Hollenbeck,INTIMATE PARTNER - AGGRAVATED ASSAULT,145
Hollenbeck,INTIMATE PARTNER - SIMPLE ASSAULT,391
Hollenbeck,KIDNAPPING,5
Hollenbeck,KIDNAPPING - GRAND ATTEMPT,1
Hollenbeck,"LETTERS, LEWD  -  TELEPHONE CALLS, LEWD",63
Hollenbeck,LEWD CONDUCT,3
Hollenbeck,ORAL COPULATION,6
Hollenbeck,OTHER ASSAULT,30
Hollenbeck,OTHER MISCELLANEOUS CRIME,42
Hollenbeck,PEEPING TOM,1
Hollenbeck,PICKPOCKET,11
Hollenbeck,"RAPE, ATTEMPTED",3
Hollenbeck,"RAPE, FORCIBLE",24
Hollenbeck,RECKLESS DRIVING,1
Hollenbeck,RESISTING ARREST,5
Hollenbeck,ROBBERY,273
Hollenbeck,"SEX,UNLAWFUL(INC MUTUAL CONSENT, PENETRATION W/ FRGN OBJ",4
Hollenbeck,SEXUAL PENETRATION W/FOREIGN OBJECT,18
Hollenbeck,SHOPLIFTING - ATTEMPT,3
Hollenbeck,SHOPLIFTING - PETTY THEFT ($950 & UNDER),52
Hollenbeck,SHOPLIFTING-GRAND THEFT ($950.01 & OVER),14
Hollenbeck,SHOTS FIRED AT INHABITED DWELLING,30
Hollenbeck,"SHOTS FIRED AT MOVING VEHICLE, TRAIN OR AIRCRAFT",4
Hollenbeck,SODOMY/SEXUAL CONTACT B/W PENIS OF ONE PERS TO ANUS OTH,5
Hollenbeck,STALKING,2
Hollenbeck,THEFT FROM MOTOR VEHICLE - ATTEMPT,8
Hollenbeck,THEFT FROM MOTOR VEHICLE - GRAND ($950.01 AND OVER),317
Hollenbeck,THEFT FROM MOTOR VEHICLE - PETTY ($950 & UNDER),292
Hollenbeck,THEFT OF IDENTITY,895
Hollenbeck,THEFT PLAIN - ATTEMPT,5
Hollenbeck,THEFT PLAIN - PETTY ($950 & UNDER),303
Hollenbeck,"THEFT, PERSON",13
Hollenbeck,"THEFT-GRAND ($950.01 & OVER)EXCPT,GUNS,FOWL,LIVESTK,PROD",218
Hollenbeck,THREATENING PHONE CALLS/LETTERS,2
Hollenbeck,THROWING OBJECT AT MOVING VEHICLE,6
Hollenbeck,TILL TAP - PETTY ($950 & UNDER),1
Hollenbeck,TRESPASSING,51
Hollenbeck,UNAUTHORIZED COMPUTER ACCESS,1
Hollenbeck,"VANDALISM - FELONY ($400 & OVER, ALL CHURCH VANDALISMS)",529
Hollenbeck,VANDALISM - MISDEAMEANOR ($399 OR UNDER),238
Hollenbeck,VEHICLE - ATTEMPT STOLEN,53
Hollenbeck,VEHICLE - STOLEN,1381
Hollenbeck,"VEHICLE, STOLEN - OTHER (MOTORIZED SCOOTERS, BIKES, ETC)",2
Hollenbeck,VIOLATION OF COURT ORDER,74
Hollenbeck,VIOLATION OF RESTRAINING ORDER,192
Hollenbeck,VIOLATION OF TEMPORARY RESTRAINING ORDER,5
Hollywood,ARSON,20
Hollywood,ASSAULT WITH DEADLY WEAPON ON POLICE OFFICER,9
Hollywood,"ASSAULT WITH DEADLY WEAPON, AGGRAVATED ASSAULT",688
Hollywood,ATTEMPTED ROBBERY,80
Hollywood,BATTERY - SIMPLE ASSAULT,1181
Hollywood,BATTERY ON A FIREFIGHTER,8
Hollywood,BATTERY POLICE (SIMPLE),40
Hollywood,BATTERY WITH SEXUAL CONTACT,70
Hollywood,"BEASTIALITY, CRIME AGAINST NATURE SEXUAL ASSLT WITH ANIM",1
Hollywood,BIKE - STOLEN,99
Hollywood,BOMB SCARE,17
Hollywood,BRANDISH WEAPON,174
Hollywood,"BUNCO, ATTEMPT",3
Hollywood,"BUNCO, GRAND THEFT",85
Hollywood,"BUNCO, PETTY THEFT",35
Hollywood,BURGLARY,596
Hollywood,BURGLARY FROM VEHICLE,1142
Hollywood,"BURGLARY FROM VEHICLE, ATTEMPTED",6
Hollywood,"BURGLARY, ATTEMPTED",34
Hollywood,CHILD ABUSE (PHYSICAL) - AGGRAVATED ASSAULT,3
Hollywood,CHILD ABUSE (PHYSICAL) - SIMPLE ASSAULT,11
Hollywood,CHILD ANNOYING (17YRS & UNDER),9
Hollywood,CHILD NEGLECT (SEE 300 W.I.C.),7
Hollywood,CHILD PORNOGRAPHY,2
Hollywood,CHILD STEALING,3
Hollywood,CONTEMPT OF COURT,15
Hollywood,COUNTERFEIT,1
Hollywood,"CREDIT CARDS, FRAUD USE ($950.01 & OVER)",2
Hollywood,CRIMINAL HOMICIDE,13
Hollywood,CRIMINAL THREATS - NO WEAPON DISPLAYED,230
Hollywood,CRM AGNST CHLD (13 OR UNDER) (14-15 & SUSP 10 YRS OLDER),6
Hollywood,CRUELTY TO ANIMALS,7
Hollywood,"DEFRAUDING INNKEEPER/THEFT OF SERVICES, $950 & UNDER",7
Hollywood,"DEFRAUDING INNKEEPER/THEFT OF SERVICES, OVER $950.01",3
Hollywood,DISCHARGE FIREARMS/SHOTS FIRED,16
Hollywood,DISTURBING THE PEACE,18
Hollywood,DOCUMENT FORGERY / STOLEN FELONY,47
Hollywood,DRIVING WITHOUT OWNER CONSENT (DWOC),3
Hollywood,DRUNK ROLL,1
Hollywood,"EMBEZZLEMENT, GRAND THEFT ($950.01 & OVER)",43
Hollywood,"EMBEZZLEMENT, PETTY THEFT ($950 & UNDER)",1
Hollywood,EXTORTION,22
Hollywood,FAILURE TO YIELD,43
Hollywood,FALSE IMPRISONMENT,7
Hollywood,FALSE POLICE REPORT,1
Hollywood,FIREARMS RESTRAINING ORDER (FIREARMS RO),1
Hollywood,GRAND THEFT / INSURANCE FRAUD,1
Hollywood,HUMAN TRAFFICKING - COMMERCIAL SEX ACTS,4
Hollywood,HUMAN TRAFFICKING - INVOLUNTARY SERVITUDE,2
Hollywood,ILLEGAL DUMPING,2
Hollywood,INCITING A RIOT,1
Hollywood,INDECENT EXPOSURE,16
Hollywood,INTIMATE PARTNER - AGGRAVATED ASSAULT,115
Hollywood,INTIMATE PARTNER - SIMPLE ASSAULT,513
Hollywood,KIDNAPPING,12
Hollywood,KIDNAPPING - GRAND ATTEMPT,1
Hollywood,"LETTERS, LEWD  -  TELEPHONE CALLS, LEWD",133
Hollywood,LEWD CONDUCT,18
Hollywood,ORAL COPULATION,16
Hollywood,OTHER ASSAULT,63
Hollywood,OTHER MISCELLANEOUS CRIME,81
Hollywood,PANDERING,3
Hollywood,PEEPING TOM,5
Hollywood,PICKPOCKET,267
Hollywood,PIMPING,3
Hollywood,PURSE SNATCHING,2
Hollywood,"RAPE, ATTEMPTED",7
Hollywood,"RAPE, FORCIBLE",54
Hollywood,RECKLESS DRIVING,3
Hollywood,RESISTING ARREST,9
Hollywood,ROBBERY,538
Hollywood,SEX OFFENDER REGISTRANT OUT OF COMPLIANCE,8
Hollywood,"SEX,UNLAWFUL(INC MUTUAL CONSENT, PENETRATION W/ FRGN OBJ",5
Hollywood,SEXUAL PENETRATION W/FOREIGN OBJECT,35
Hollywood,SHOPLIFTING - PETTY THEFT ($950 & UNDER),273
Hollywood,SHOPLIFTING-GRAND THEFT ($950.01 & OVER),45
Hollywood,SHOTS FIRED AT INHABITED DWELLING,11
Hollywood,SODOMY/SEXUAL CONTACT B/W PENIS OF ONE PERS TO ANUS OTH,11
Hollywood,STALKING,20
Hollywood,THEFT FROM MOTOR VEHICLE - ATTEMPT,2
Hollywood,THEFT FROM MOTOR VEHICLE - GRAND ($950.01 AND OVER),365
Hollywood,THEFT FROM MOTOR VEHICLE - PETTY ($950 & UNDER),345
Hollywood,THEFT OF IDENTITY,734
Hollywood,THEFT PLAIN - ATTEMPT,7
Hollywood,THEFT PLAIN - PETTY ($950 & UNDER),863
Hollywood,"THEFT, PERSON",61
Hollywood,"THEFT-GRAND ($950.01 & OVER)EXCPT,GUNS,FOWL,LIVESTK,PROD",634
Hollywood,THREATENING PHONE CALLS/LETTERS,4
Hollywood,THROWING OBJECT AT MOVING VEHICLE,10
Hollywood,TRESPASSING,260
Hollywood,UNAUTHORIZED COMPUTER ACCESS,8
Hollywood,"VANDALISM - FELONY ($400 & OVER, ALL CHURCH VANDALISMS)",813
Hollywood,VANDALISM - MISDEAMEANOR ($399 OR UNDER),240
Hollywood,VEHICLE - ATTEMPT STOLEN,21
Hollywood,VEHICLE - STOLEN,901
Hollywood,"VEHICLE, STOLEN - OTHER (MOTORIZED SCOOTERS, BIKES, ETC)",25
Hollywood,VIOLATION OF COURT ORDER,54
Hollywood,VIOLATION OF RESTRAINING ORDER,103
Hollywood,VIOLATION OF TEMPORARY RESTRAINING ORDER,4
Hollywood,WEAPONS POSSESSION/BOMBING,1
Mission,ARSON,17
Mission,ASSAULT WITH DEADLY WEAPON ON POLICE OFFICER,12
Mission,"ASSAULT WITH DEADLY WEAPON, AGGRAVATED ASSAULT",444
Mission,ATTEMPTED ROBBERY,44
Mission,BATTERY - SIMPLE ASSAULT,580
Mission,BATTERY ON A FIREFIGHTER,2
Mission,BATTERY POLICE (SIMPLE),26
Mission,BATTERY WITH SEXUAL CONTACT,44
Mission,BIKE - STOLEN,16
Mission,BOAT - STOLEN,1
Mission,BRANDISH WEAPON,142
Mission,BRIBERY,1
Mission,"BUNCO, ATTEMPT",1
Mission,"BUNCO, GRAND THEFT",64
Mission,"BUNCO, PETTY THEFT",16
Mission,BURGLARY,329
Mission,BURGLARY FROM VEHICLE,378
Mission,"BURGLARY FROM VEHICLE, ATTEMPTED",7
Mission,"BURGLARY, ATTEMPTED",28
Mission,CHILD ABANDONMENT,2
Mission,CHILD ABUSE (PHYSICAL) - AGGRAVATED ASSAULT,13
Mission,CHILD ABUSE (PHYSICAL) - SIMPLE ASSAULT,90
Mission,CHILD ANNOYING (17YRS & UNDER),29
Mission,CHILD NEGLECT (SEE 300 W.I.C.),25
Mission,CHILD PORNOGRAPHY,2
Mission,CHILD STEALING,2
Mission,CONTEMPT OF COURT,9
Mission,CONTRIBUTING,2
Mission,CRIMINAL HOMICIDE,11
Mission,CRIMINAL THREATS - NO WEAPON DISPLAYED,144
Mission,CRM AGNST CHLD (13 OR UNDER) (14-15 & SUSP 10 YRS OLDER),38
Mission,CRUELTY TO ANIMALS,1
Mission,"DEFRAUDING INNKEEPER/THEFT OF SERVICES, $950 & UNDER",4
Mission,"DEFRAUDING INNKEEPER/THEFT OF SERVICES, OVER $950.01",1
Mission,DISCHARGE FIREARMS/SHOTS FIRED,20
Mission,DISRUPT SCHOOL,1
Mission,DISTURBING THE PEACE,10
Mission,DOCUMENT FORGERY / STOLEN FELONY,37
Mission,DRIVING WITHOUT OWNER CONSENT (DWOC),1
Mission,"DRUGS, TO A MINOR",1
Mission,"EMBEZZLEMENT, GRAND THEFT ($950.01 & OVER)",23
Mission,EXTORTION,26
Mission,FAILURE TO YIELD,27
Mission,FALSE IMPRISONMENT,4
Mission,FALSE POLICE REPORT,3
Mission,HUMAN TRAFFICKING - INVOLUNTARY SERVITUDE,1
Mission,INDECENT EXPOSURE,12
Mission,INTIMATE PARTNER - AGGRAVATED ASSAULT,147
Mission,INTIMATE PARTNER - SIMPLE ASSAULT,618
Mission,KIDNAPPING,12
Mission,"LETTERS, LEWD  -  TELEPHONE CALLS, LEWD",89
Mission,LEWD CONDUCT,5
Mission,LEWD/LASCIVIOUS ACTS WITH CHILD,1
Mission,ORAL COPULATION,8
Mission,OTHER ASSAULT,32
Mission,OTHER MISCELLANEOUS CRIME,73
Mission,PANDERING,2
Mission,PEEPING TOM,3
Mission,PICKPOCKET,3
Mission,"RAPE, ATTEMPTED",5
Mission,"RAPE, FORCIBLE",44
Mission,RECKLESS DRIVING,5
Mission,RESISTING ARREST,22
Mission,ROBBERY,230
Mission,SEX OFFENDER REGISTRANT OUT OF COMPLIANCE,9
Mission,"SEX,UNLAWFUL(INC MUTUAL CONSENT, PENETRATION W/ FRGN OBJ",14
Mission,SEXUAL PENETRATION W/FOREIGN OBJECT,17
Mission,SHOPLIFTING - PETTY THEFT ($950 & UNDER),288
Mission,SHOPLIFTING-GRAND THEFT ($950.01 & OVER),48
Mission,SHOTS FIRED AT INHABITED DWELLING,6
Mission,SODOMY/SEXUAL CONTACT B/W PENIS OF ONE PERS TO ANUS OTH,7
Mission,STALKING,10
Mission,THEFT FROM MOTOR VEHICLE - ATTEMPT,15
Mission,THEFT FROM MOTOR VEHICLE - GRAND ($950.01 AND OVER),518
Mission,THEFT FROM MOTOR VEHICLE - PETTY ($950 & UNDER),414
Mission,THEFT FROM PERSON - ATTEMPT,2
Mission,THEFT OF IDENTITY,1023
Mission,THEFT PLAIN - ATTEMPT,2
Mission,THEFT PLAIN - PETTY ($950 & UNDER),288
Mission,"THEFT, PERSON",26
Mission,"THEFT-GRAND ($950.01 & OVER)EXCPT,GUNS,FOWL,LIVESTK,PROD",229
Mission,THREATENING PHONE CALLS/LETTERS,6
Mission,THROWING OBJECT AT MOVING VEHICLE,7
Mission,TRESPASSING,90
Mission,UNAUTHORIZED COMPUTER ACCESS,7
Mission,"VANDALISM - FELONY ($400 & OVER, ALL CHURCH VANDALISMS)",498
Mission,VANDALISM - MISDEAMEANOR ($399 OR UNDER),203
Mission,VEHICLE - ATTEMPT STOLEN,23
Mission,VEHICLE - STOLEN,1181
Mission,VIOLATION OF COURT ORDER,96
Mission,VIOLATION OF RESTRAINING ORDER,248
Mission,VIOLATION OF TEMPORARY RESTRAINING ORDER,6
N Hollywood,ARSON,31
N Hollywood,ASSAULT WITH DEADLY WEAPON ON POLICE OFFICER,2
N Hollywood,"ASSAULT WITH DEADLY WEAPON, AGGRAVATED ASSAULT",458
N Hollywood,ATTEMPTED ROBBERY,37
N Hollywood,BATTERY - SIMPLE ASSAULT,761
N Hollywood,BATTERY ON A FIREFIGHTER,3
N Hollywood,BATTERY POLICE (SIMPLE),17
N Hollywood,BATTERY WITH SEXUAL CONTACT,60
N Hollywood,BIKE - STOLEN,100
N Hollywood,BOMB SCARE,1
N Hollywood,BRANDISH WEAPON,149
N Hollywood,"BUNCO, ATTEMPT",5
N Hollywood,"BUNCO, GRAND THEFT",85
N Hollywood,"BUNCO, PETTY THEFT",30
N Hollywood,BURGLARY,921
N Hollywood,BURGLARY FROM VEHICLE,720
N Hollywood,"BURGLARY FROM VEHICLE, ATTEMPTED",6
N Hollywood,"BURGLARY, ATTEMPTED",46
N Hollywood,CHILD ABUSE (PHYSICAL) - AGGRAVATED ASSAULT,5
N Hollywood,CHILD ABUSE (PHYSICAL) - SIMPLE ASSAULT,30
N Hollywood,CHILD ANNOYING (17YRS & UNDER),11
N Hollywood,CHILD NEGLECT (SEE 300 W.I.C.),9
N Hollywood,CHILD PORNOGRAPHY,2
N Hollywood,CHILD STEALING,3
N Hollywood,CONSPIRACY,1
N Hollywood,CONTEMPT OF COURT,305
N Hollywood,CONTRIBUTING,1
N Hollywood,COUNTERFEIT,1
N Hollywood,"CREDIT CARDS, FRAUD USE ($950 & UNDER",2
N Hollywood,"CREDIT CARDS, FRAUD USE ($950.01 & OVER)",1
N Hollywood,CRIMINAL HOMICIDE,12
N Hollywood,CRIMINAL THREATS - NO WEAPON DISPLAYED,137
N Hollywood,CRM AGNST CHLD (13 OR UNDER) (14-15 & SUSP 10 YRS OLDER),10
N Hollywood,CRUELTY TO ANIMALS,4
N Hollywood,"DEFRAUDING INNKEEPER/THEFT OF SERVICES, $950 & UNDER",2
N Hollywood,"DEFRAUDING INNKEEPER/THEFT OF SERVICES, OVER $950.01",2
N Hollywood,DISCHARGE FIREARMS/SHOTS FIRED,17
N Hollywood,DISTURBING THE PEACE,29
N Hollywood,DOCUMENT FORGERY / STOLEN FELONY,53
N Hollywood,DOCUMENT WORTHLESS ($200.01 & OVER),1
N Hollywood,DRIVING WITHOUT OWNER CONSENT (DWOC),1
N Hollywood,DRUNK ROLL,2
N Hollywood,"EMBEZZLEMENT, GRAND THEFT ($950.01 & OVER)",44
N Hollywood,"EMBEZZLEMENT, PETTY THEFT ($950 & UNDER)",1
N Hollywood,EXTORTION,23
N Hollywood,FAILURE TO YIELD,4
N Hollywood,FALSE IMPRISONMENT,1
N Hollywood,HUMAN TRAFFICKING - COMMERCIAL SEX ACTS,1
N Hollywood,HUMAN TRAFFICKING - INVOLUNTARY SERVITUDE,2
N Hollywood,INDECENT EXPOSURE,18
N Hollywood,INTIMATE PARTNER - AGGRAVATED ASSAULT,134
N Hollywood,INTIMATE PARTNER - SIMPLE ASSAULT,533
N Hollywood,KIDNAPPING,9
N Hollywood,"LETTERS, LEWD  -  TELEPHONE CALLS, LEWD",130
N Hollywood,LEWD CONDUCT,5
N Hollywood,LYNCHING,1
N Hollywood,ORAL COPULATION,7
N Hollywood,OTHER ASSAULT,36
N Hollywood,OTHER MISCELLANEOUS CRIME,84
N Hollywood,PEEPING TOM,6
N Hollywood,PETTY THEFT - AUTO REPAIR,1
N Hollywood,PICKPOCKET,7
N Hollywood,PIMPING,2
N Hollywood,PROWLER,2
N Hollywood,PURSE SNATCHING,1
N Hollywood,PURSE SNATCHING - ATTEMPT,2
N Hollywood,"RAPE, ATTEMPTED",1
N Hollywood,"RAPE, FORCIBLE",45
N Hollywood,RECKLESS DRIVING,1
N Hollywood,RESISTING ARREST,5
N Hollywood,ROBBERY,272
N Hollywood,SEX OFFENDER REGISTRANT OUT OF COMPLIANCE,7
N Hollywood,"SEX,UNLAWFUL(INC MUTUAL CONSENT, PENETRATION W/ FRGN OBJ",13
N Hollywood,SEXUAL PENETRATION W/FOREIGN OBJECT,13
N Hollywood,SHOPLIFTING - PETTY THEFT ($950 & UNDER),207
N Hollywood,SHOPLIFTING-GRAND THEFT ($950.01 & OVER),36
N Hollywood,SHOTS FIRED AT INHABITED DWELLING,18
N Hollywood,"SHOTS FIRED AT MOVING VEHICLE, TRAIN OR AIRCRAFT",3
N Hollywood,SODOMY/SEXUAL CONTACT B/W PENIS OF ONE PERS TO ANUS OTH,9
N Hollywood,STALKING,11
N Hollywood,THEFT FROM MOTOR VEHICLE - ATTEMPT,6
N Hollywood,THEFT FROM MOTOR VEHICLE - GRAND ($950.01 AND OVER),571
N Hollywood,THEFT FROM MOTOR VEHICLE - PETTY ($950 & UNDER),450
N Hollywood,THEFT FROM PERSON - ATTEMPT,1
N Hollywood,THEFT OF IDENTITY,1056
N Hollywood,THEFT PLAIN - ATTEMPT,6
N Hollywood,THEFT PLAIN - PETTY ($950 & UNDER),603
N Hollywood,"THEFT, PERSON",21
N Hollywood,"THEFT-GRAND ($950.01 & OVER)EXCPT,GUNS,FOWL,LIVESTK,PROD",491
N Hollywood,THREATENING PHONE CALLS/LETTERS,6
N Hollywood,THROWING OBJECT AT MOVING VEHICLE,9
N Hollywood,TRESPASSING,153
N Hollywood,UNAUTHORIZED COMPUTER ACCESS,3
N Hollywood,"VANDALISM - FELONY ($400 & OVER, ALL CHURCH VANDALISMS)",748
N Hollywood,VANDALISM - MISDEAMEANOR ($399 OR UNDER),219
N Hollywood,VEHICLE - ATTEMPT STOLEN,18
N Hollywood,VEHICLE - STOLEN,1004
N Hollywood,"VEHICLE, STOLEN - OTHER (MOTORIZED SCOOTERS, BIKES, ETC)",19
N Hollywood,VIOLATION OF COURT ORDER,13
N Hollywood,VIOLATION OF RESTRAINING ORDER,20
N Hollywood,VIOLATION OF TEMPORARY RESTRAINING ORDER,5
N Hollywood,WEAPONS POSSESSION/BOMBING,1
Newton,ARSON,52
Newton,ASSAULT WITH DEADLY WEAPON ON POLICE OFFICER,7
Newton,"ASSAULT WITH DEADLY WEAPON, AGGRAVATED ASSAULT",925
Newton,ATTEMPTED ROBBERY,99
Newton,BATTERY - SIMPLE ASSAULT,1071
Newton,BATTERY ON A FIREFIGHTER,2
Newton,BATTERY POLICE (SIMPLE),28
Newton,BATTERY WITH SEXUAL CONTACT,41
Newton,BIGAMY,1
Newton,BIKE - STOLEN,21
Newton,BOMB SCARE,2
Newton,BRANDISH WEAPON,210
Newton,"BUNCO, ATTEMPT",7
Newton,"BUNCO, GRAND THEFT",45
Newton,"BUNCO, PETTY THEFT",7
Newton,BURGLARY,637
Newton,BURGLARY FROM VEHICLE,632
Newton,"BURGLARY FROM VEHICLE, ATTEMPTED",5
Newton,"BURGLARY, ATTEMPTED",34
Newton,CHILD ABUSE (PHYSICAL) - AGGRAVATED ASSAULT,5
Newton,CHILD ABUSE (PHYSICAL) - SIMPLE ASSAULT,35
Newton,CHILD ANNOYING (17YRS & UNDER),18
Newton,CHILD NEGLECT (SEE 300 W.I.C.),11
Newton,CHILD PORNOGRAPHY,3
Newton,CHILD STEALING,8
Newton,CONSPIRACY,1
Newton,CONTEMPT OF COURT,3
Newton,CONTRIBUTING,3
Newton,COUNTERFEIT,1
Newton,"CREDIT CARDS, FRAUD USE ($950 & UNDER",1
Newton,"CREDIT CARDS, FRAUD USE ($950.01 & OVER)",2
Newton,CRIMINAL HOMICIDE,39
Newton,CRIMINAL THREATS - NO WEAPON DISPLAYED,188
Newton,CRM AGNST CHLD (13 OR UNDER) (14-15 & SUSP 10 YRS OLDER),42
Newton,CRUELTY TO ANIMALS,4
Newton,"DEFRAUDING INNKEEPER/THEFT OF SERVICES, $950 & UNDER",2
Newton,DISCHARGE FIREARMS/SHOTS FIRED,73
Newton,DISTURBING THE PEACE,4
Newton,DOCUMENT FORGERY / STOLEN FELONY,17
Newton,DOCUMENT WORTHLESS ($200.01 & OVER),1
Newton,DRIVING WITHOUT OWNER CONSENT (DWOC),1
Newton,"EMBEZZLEMENT, GRAND THEFT ($950.01 & OVER)",38
Newton,"EMBEZZLEMENT, PETTY THEFT ($950 & UNDER)",1
Newton,EXTORTION,13
Newton,FAILURE TO YIELD,41
Newton,FALSE IMPRISONMENT,5
Newton,FALSE POLICE REPORT,1
Newton,HUMAN TRAFFICKING - COMMERCIAL SEX ACTS,2
Newton,HUMAN TRAFFICKING - INVOLUNTARY SERVITUDE,1
Newton,INDECENT EXPOSURE,17
Newton,INTIMATE PARTNER - AGGRAVATED ASSAULT,144
Newton,INTIMATE PARTNER - SIMPLE ASSAULT,657
Newton,KIDNAPPING,10
Newton,KIDNAPPING - GRAND ATTEMPT,4
Newton,"LETTERS, LEWD  -  TELEPHONE CALLS, LEWD",48
Newton,LEWD CONDUCT,1
Newton,LYNCHING,1
Newton,LYNCHING - ATTEMPTED,2
Newton,ORAL COPULATION,14
Newton,OTHER ASSAULT,34
Newton,OTHER MISCELLANEOUS CRIME,34
Newton,PEEPING TOM,4
Newton,PICKPOCKET,47
Newton,PURSE SNATCHING - ATTEMPT,1
Newton,"RAPE, ATTEMPTED",1
Newton,"RAPE, FORCIBLE",46
Newton,RECKLESS DRIVING,1
Newton,"REPLICA FIREARMS(SALE,DISPLAY,MANUFACTURE OR DISTRIBUTE)",1
Newton,RESISTING ARREST,6
Newton,ROBBERY,554
Newton,SEX OFFENDER REGISTRANT OUT OF COMPLIANCE,19
Newton,"SEX,UNLAWFUL(INC MUTUAL CONSENT, PENETRATION W/ FRGN OBJ",16
Newton,SEXUAL PENETRATION W/FOREIGN OBJECT,13
Newton,SHOPLIFTING - PETTY THEFT ($950 & UNDER),49
Newton,SHOPLIFTING-GRAND THEFT ($950.01 & OVER),11
Newton,SHOTS FIRED AT INHABITED DWELLING,25
Newton,"SHOTS FIRED AT MOVING VEHICLE, TRAIN OR AIRCRAFT",6
Newton,SODOMY/SEXUAL CONTACT B/W PENIS OF ONE PERS TO ANUS OTH,10
Newton,STALKING,3
Newton,THEFT FROM MOTOR VEHICLE - ATTEMPT,7
Newton,THEFT FROM MOTOR VEHICLE - GRAND ($950.01 AND OVER),371
Newton,THEFT FROM MOTOR VEHICLE - PETTY ($950 & UNDER),342
Newton,THEFT FROM PERSON - ATTEMPT,3
Newton,THEFT OF IDENTITY,1315
Newton,THEFT PLAIN - ATTEMPT,7
Newton,THEFT PLAIN - PETTY ($950 & UNDER),380
Newton,"THEFT, PERSON",55
Newton,"THEFT-GRAND ($950.01 & OVER)EXCPT,GUNS,FOWL,LIVESTK,PROD",332
Newton,THREATENING PHONE CALLS/LETTERS,2
Newton,THROWING OBJECT AT MOVING VEHICLE,7
Newton,TILL TAP - GRAND THEFT ($950.01 & OVER),2
Newton,TRESPASSING,37
Newton,"VANDALISM - FELONY ($400 & OVER, ALL CHURCH VANDALISMS)",582
Newton,VANDALISM - MISDEAMEANOR ($399 OR UNDER),233
Newton,VEHICLE - ATTEMPT STOLEN,28
Newton,VEHICLE - STOLEN,1786
Newton,VIOLATION OF COURT ORDER,48
Newton,VIOLATION OF RESTRAINING ORDER,213
Newton,VIOLATION OF TEMPORARY RESTRAINING ORDER,11
Northeast,ARSON,34
Northeast,ASSAULT WITH DEADLY WEAPON ON POLICE OFFICER,4
Northeast,"ASSAULT WITH DEADLY WEAPON, AGGRAVATED ASSAULT",412
Northeast,ATTEMPTED ROBBERY,47
Northeast,BATTERY - SIMPLE ASSAULT,688
Northeast,BATTERY ON A FIREFIGHTER,2
Northeast,BATTERY POLICE (SIMPLE),24
Northeast,BATTERY WITH SEXUAL CONTACT,24
Northeast,BIKE - STOLEN,74
Northeast,BOMB SCARE,8
Northeast,BRANDISH WEAPON,118
Northeast,BRIBERY,1
Northeast,"BUNCO, ATTEMPT",5
Northeast,"BUNCO, GRAND THEFT",68
Northeast,"BUNCO, PETTY THEFT",16
Northeast,BURGLARY,636
Northeast,BURGLARY FROM VEHICLE,718
Northeast,"BURGLARY FROM VEHICLE, ATTEMPTED",8
Northeast,"BURGLARY, ATTEMPTED",40
Northeast,CHILD ABUSE (PHYSICAL) - AGGRAVATED ASSAULT,3
Northeast,CHILD ABUSE (PHYSICAL) - SIMPLE ASSAULT,22
Northeast,CHILD ANNOYING (17YRS & UNDER),10
Northeast,CHILD NEGLECT (SEE 300 W.I.C.),9
Northeast,CHILD PORNOGRAPHY,3
Northeast,CHILD STEALING,1
Northeast,CONTEMPT OF COURT,1
Northeast,COUNTERFEIT,2
Northeast,"CREDIT CARDS, FRAUD USE ($950 & UNDER",4
Northeast,"CREDIT CARDS, FRAUD USE ($950.01 & OVER)",3
Northeast,CRIMINAL HOMICIDE,13
Northeast,CRIMINAL THREATS - NO WEAPON DISPLAYED,235
Northeast,CRM AGNST CHLD (13 OR UNDER) (14-15 & SUSP 10 YRS OLDER),17
Northeast,CRUELTY TO ANIMALS,2
Northeast,"DEFRAUDING INNKEEPER/THEFT OF SERVICES, $950 & UNDER",2
Northeast,"DEFRAUDING INNKEEPER/THEFT OF SERVICES, OVER $950.01",2
Northeast,DISCHARGE FIREARMS/SHOTS FIRED,35
Northeast,DISHONEST EMPLOYEE - GRAND THEFT,2
Northeast,DISTURBING THE PEACE,24
Northeast,DOCUMENT FORGERY / STOLEN FELONY,27
Northeast,DOCUMENT WORTHLESS ($200.01 & OVER),3
Northeast,DRIVING WITHOUT OWNER CONSENT (DWOC),1
Northeast,"EMBEZZLEMENT, GRAND THEFT ($950.01 & OVER)",60
Northeast,EXTORTION,28
Northeast,FAILURE TO YIELD,17
Northeast,FALSE IMPRISONMENT,3
Northeast,FALSE POLICE REPORT,2
Northeast,ILLEGAL DUMPING,1
Northeast,INDECENT EXPOSURE,14
Northeast,INTIMATE PARTNER - AGGRAVATED ASSAULT,71
Northeast,INTIMATE PARTNER - SIMPLE ASSAULT,349
Northeast,KIDNAPPING,3
Northeast,KIDNAPPING - GRAND ATTEMPT,2
Northeast,"LETTERS, LEWD  -  TELEPHONE CALLS, LEWD",112
Northeast,LEWD CONDUCT,4
Northeast,LEWD/LASCIVIOUS ACTS WITH CHILD,1
Northeast,ORAL COPULATION,4
Northeast,OTHER ASSAULT,57
Northeast,OTHER MISCELLANEOUS CRIME,47
Northeast,PEEPING TOM,6
Northeast,PICKPOCKET,33
Northeast,PROWLER,2
Northeast,"RAPE, ATTEMPTED",4
Northeast,"RAPE, FORCIBLE",23
Northeast,RECKLESS DRIVING,1
Northeast,"REPLICA FIREARMS(SALE,DISPLAY,MANUFACTURE OR DISTRIBUTE)",1
Northeast,RESISTING ARREST,5
Northeast,ROBBERY,282
Northeast,SEX OFFENDER REGISTRANT OUT OF COMPLIANCE,2
Northeast,"SEX,UNLAWFUL(INC MUTUAL CONSENT, PENETRATION W/ FRGN OBJ",3
Northeast,SEXUAL PENETRATION W/FOREIGN OBJECT,8
Northeast,SHOPLIFTING - PETTY THEFT ($950 & UNDER),179
Northeast,SHOPLIFTING-GRAND THEFT ($950.01 & OVER),41
Northeast,SHOTS FIRED AT INHABITED DWELLING,18
Northeast,"SHOTS FIRED AT MOVING VEHICLE, TRAIN OR AIRCRAFT",7
Northeast,SODOMY/SEXUAL CONTACT B/W PENIS OF ONE PERS TO ANUS OTH,5
Northeast,STALKING,14
Northeast,THEFT FROM MOTOR VEHICLE - ATTEMPT,14
Northeast,THEFT FROM MOTOR VEHICLE - GRAND ($950.01 AND OVER),755
Northeast,THEFT FROM MOTOR VEHICLE - PETTY ($950 & UNDER),396
Northeast,THEFT OF IDENTITY,735
Northeast,THEFT PLAIN - ATTEMPT,8
Northeast,THEFT PLAIN - PETTY ($950 & UNDER),586
Northeast,"THEFT, PERSON",20
Northeast,"THEFT-GRAND ($950.01 & OVER)EXCPT,GUNS,FOWL,LIVESTK,PROD",334
Northeast,THROWING OBJECT AT MOVING VEHICLE,6
Northeast,TRESPASSING,147
Northeast,UNAUTHORIZED COMPUTER ACCESS,3
Northeast,"VANDALISM - FELONY ($400 & OVER, ALL CHURCH VANDALISMS)",670
Northeast,VANDALISM - MISDEAMEANOR ($399 OR UNDER),257
Northeast,VEHICLE - ATTEMPT STOLEN,43
Northeast,VEHICLE - STOLEN,1175
Northeast,"VEHICLE, STOLEN - OTHER (MOTORIZED SCOOTERS, BIKES, ETC)",6
Northeast,VIOLATION OF COURT ORDER,140
Northeast,VIOLATION OF RESTRAINING ORDER,125
Northeast,VIOLATION OF TEMPORARY RESTRAINING ORDER,4
Olympic,ARSON,30
Olympic,ASSAULT WITH DEADLY WEAPON ON POLICE OFFICER,3
Olympic,"ASSAULT WITH DEADLY WEAPON, AGGRAVATED ASSAULT",753
Olympic,ATTEMPTED ROBBERY,71
Olympic,BATTERY - SIMPLE ASSAULT,1095
Olympic,BATTERY ON A FIREFIGHTER,3
Olympic,BATTERY POLICE (SIMPLE),18
Olympic,BATTERY WITH SEXUAL CONTACT,51
Olympic,BIKE - STOLEN,77
Olympic,BOMB SCARE,7
Olympic,BRANDISH WEAPON,206
Olympic,"BUNCO, GRAND THEFT",119
Olympic,"BUNCO, PETTY THEFT",30
Olympic,BURGLARY,796
Olympic,BURGLARY FROM VEHICLE,764
Olympic,"BURGLARY FROM VEHICLE, ATTEMPTED",7
Olympic,"BURGLARY, ATTEMPTED",55
Olympic,CHILD ABUSE (PHYSICAL) - AGGRAVATED ASSAULT,1
Olympic,CHILD ABUSE (PHYSICAL) - SIMPLE ASSAULT,28
Olympic,CHILD ANNOYING (17YRS & UNDER),14
Olympic,CHILD NEGLECT (SEE 300 W.I.C.),11
Olympic,CHILD PORNOGRAPHY,2
Olympic,CHILD STEALING,1
Olympic,COUNTERFEIT,2
Olympic,CRIMINAL HOMICIDE,15
Olympic,CRIMINAL THREATS - NO WEAPON DISPLAYED,253
Olympic,CRM AGNST CHLD (13 OR UNDER) (14-15 & SUSP 10 YRS OLDER),30
Olympic,CRUELTY TO ANIMALS,2
Olympic,"DEFRAUDING INNKEEPER/THEFT OF SERVICES, $950 & UNDER",13
Olympic,"DEFRAUDING INNKEEPER/THEFT OF SERVICES, OVER $950.01",1
Olympic,DISCHARGE FIREARMS/SHOTS FIRED,19
Olympic,DISHONEST EMPLOYEE - GRAND THEFT,2
Olympic,DISTURBING THE PEACE,27
Olympic,DOCUMENT FORGERY / STOLEN FELONY,55
Olympic,DOCUMENT WORTHLESS ($200.01 & OVER),4
Olympic,DRUNK ROLL,2
Olympic,"EMBEZZLEMENT, GRAND THEFT ($950.01 & OVER)",36
Olympic,EXTORTION,25
Olympic,FAILURE TO YIELD,5
Olympic,FALSE IMPRISONMENT,4
Olympic,FIREARMS EMERGENCY PROTECTIVE ORDER (FIREARMS EPO),1
Olympic,HUMAN TRAFFICKING - COMMERCIAL SEX ACTS,10
Olympic,HUMAN TRAFFICKING - INVOLUNTARY SERVITUDE,1
Olympic,INDECENT EXPOSURE,13
Olympic,INTIMATE PARTNER - AGGRAVATED ASSAULT,127
Olympic,INTIMATE PARTNER - SIMPLE ASSAULT,625
Olympic,KIDNAPPING,9
Olympic,KIDNAPPING - GRAND ATTEMPT,3
Olympic,"LETTERS, LEWD  -  TELEPHONE CALLS, LEWD",83
Olympic,LEWD CONDUCT,11
Olympic,ORAL COPULATION,11
Olympic,OTHER ASSAULT,54
Olympic,OTHER MISCELLANEOUS CRIME,55
Olympic,PEEPING TOM,8
Olympic,PICKPOCKET,81
Olympic,PROWLER,2
Olympic,PURSE SNATCHING,1
Olympic,"RAPE, ATTEMPTED",7
Olympic,"RAPE, FORCIBLE",54
Olympic,"REPLICA FIREARMS(SALE,DISPLAY,MANUFACTURE OR DISTRIBUTE)",1
Olympic,RESISTING ARREST,4
Olympic,ROBBERY,476
Olympic,SEX OFFENDER REGISTRANT OUT OF COMPLIANCE,3
Olympic,"SEX,UNLAWFUL(INC MUTUAL CONSENT, PENETRATION W/ FRGN OBJ",14
Olympic,SEXUAL PENETRATION W/FOREIGN OBJECT,20
Olympic,SHOPLIFTING - ATTEMPT,1
Olympic,SHOPLIFTING - PETTY THEFT ($950 & UNDER),114
Olympic,SHOPLIFTING-GRAND THEFT ($950.01 & OVER),25
Olympic,SHOTS FIRED AT INHABITED DWELLING,11
Olympic,SODOMY/SEXUAL CONTACT B/W PENIS OF ONE PERS TO ANUS OTH,11
Olympic,STALKING,7
Olympic,THEFT FROM MOTOR VEHICLE - ATTEMPT,9
Olympic,THEFT FROM MOTOR VEHICLE - GRAND ($950.01 AND OVER),420
Olympic,THEFT FROM MOTOR VEHICLE - PETTY ($950 & UNDER),434
Olympic,THEFT FROM PERSON - ATTEMPT,3
Olympic,THEFT OF IDENTITY,801
Olympic,THEFT PLAIN - ATTEMPT,4
Olympic,THEFT PLAIN - PETTY ($950 & UNDER),686
Olympic,"THEFT, PERSON",71
Olympic,"THEFT-GRAND ($950.01 & OVER)EXCPT,GUNS,FOWL,LIVESTK,PROD",376
Olympic,THREATENING PHONE CALLS/LETTERS,26
Olympic,THROWING OBJECT AT MOVING VEHICLE,6
Olympic,TRESPASSING,110
Olympic,UNAUTHORIZED COMPUTER ACCESS,2
Olympic,"VANDALISM - FELONY ($400 & OVER, ALL CHURCH VANDALISMS)",690
Olympic,VANDALISM - MISDEAMEANOR ($399 OR UNDER),311
Olympic,VEHICLE - ATTEMPT STOLEN,37
Olympic,VEHICLE - STOLEN,1349
Olympic,"VEHICLE, STOLEN - OTHER (MOTORIZED SCOOTERS, BIKES, ETC)",18
Olympic,VIOLATION OF COURT ORDER,95
Olympic,VIOLATION OF RESTRAINING ORDER,116
Olympic,VIOLATION OF TEMPORARY RESTRAINING ORDER,15
Pacific,ARSON,32
Pacific,ASSAULT WITH DEADLY WEAPON ON POLICE OFFICER,11
Pacific,"ASSAULT WITH DEADLY WEAPON, AGGRAVATED ASSAULT",457
Pacific,ATTEMPTED ROBBERY,38
Pacific,BATTERY - SIMPLE ASSAULT,753
Pacific,BATTERY ON A FIREFIGHTER,5
Pacific,BATTERY POLICE (SIMPLE),26
Pacific,BATTERY WITH SEXUAL CONTACT,53
Pacific,BIGAMY,1
Pacific,BIKE - STOLEN,347
Pacific,BOAT - STOLEN,2
Pacific,BOMB SCARE,11
Pacific,BRANDISH WEAPON,106
Pacific,"BUNCO, ATTEMPT",1
Pacific,"BUNCO, GRAND THEFT",106
Pacific,"BUNCO, PETTY THEFT",26
Pacific,BURGLARY,1016
Pacific,BURGLARY FROM VEHICLE,852
Pacific,"BURGLARY FROM VEHICLE, ATTEMPTED",11
Pacific,"BURGLARY, ATTEMPTED",63
Pacific,CHILD ABANDONMENT,1
Pacific,CHILD ABUSE (PHYSICAL) - AGGRAVATED ASSAULT,5
Pacific,CHILD ABUSE (PHYSICAL) - SIMPLE ASSAULT,16
Pacific,CHILD ANNOYING (17YRS & UNDER),10
Pacific,CHILD NEGLECT (SEE 300 W.I.C.),6
Pacific,CHILD PORNOGRAPHY,7
Pacific,CHILD STEALING,4
Pacific,CONTEMPT OF COURT,2
Pacific,COUNTERFEIT,2
Pacific,"CREDIT CARDS, FRAUD USE ($950 & UNDER",3
Pacific,"CREDIT CARDS, FRAUD USE ($950.01 & OVER)",4
Pacific,CRIMINAL HOMICIDE,9
Pacific,CRIMINAL THREATS - NO WEAPON DISPLAYED,207
Pacific,CRM AGNST CHLD (13 OR UNDER) (14-15 & SUSP 10 YRS OLDER),14
Pacific,"DEFRAUDING INNKEEPER/THEFT OF SERVICES, $950 & UNDER",8
Pacific,DISCHARGE FIREARMS/SHOTS FIRED,19
Pacific,DISHONEST EMPLOYEE - GRAND THEFT,1
Pacific,DISTURBING THE PEACE,18
Pacific,DOCUMENT FORGERY / STOLEN FELONY,71
Pacific,DOCUMENT WORTHLESS ($200.01 & OVER),2
Pacific,DRIVING WITHOUT OWNER CONSENT (DWOC),8
Pacific,"EMBEZZLEMENT, GRAND THEFT ($950.01 & OVER)",250
Pacific,"EMBEZZLEMENT, PETTY THEFT ($950 & UNDER)",1
Pacific,EXTORTION,19
Pacific,FAILURE TO YIELD,10
Pacific,FALSE IMPRISONMENT,4
Pacific,FALSE POLICE REPORT,6
Pacific,HUMAN TRAFFICKING - INVOLUNTARY SERVITUDE,2
Pacific,INDECENT EXPOSURE,6
Pacific,INTIMATE PARTNER - AGGRAVATED ASSAULT,101
Pacific,INTIMATE PARTNER - SIMPLE ASSAULT,368
Pacific,KIDNAPPING,5
Pacific,KIDNAPPING - GRAND ATTEMPT,3
Pacific,"LETTERS, LEWD  -  TELEPHONE CALLS, LEWD",112
Pacific,LEWD CONDUCT,8
Pacific,LEWD/LASCIVIOUS ACTS WITH CHILD,1
Pacific,ORAL COPULATION,7
Pacific,OTHER ASSAULT,34
Pacific,OTHER MISCELLANEOUS CRIME,85
Pacific,PEEPING TOM,2
Pacific,PICKPOCKET,35
Pacific,PIMPING,1
Pacific,PROWLER,7
Pacific,PURSE SNATCHING,2
Pacific,"RAPE, ATTEMPTED",4
Pacific,"RAPE, FORCIBLE",37
Pacific,RECKLESS DRIVING,1
Pacific,RESISTING ARREST,19
Pacific,ROBBERY,246
Pacific,SEX OFFENDER REGISTRANT OUT OF COMPLIANCE,4
Pacific,"SEX,UNLAWFUL(INC MUTUAL CONSENT, PENETRATION W/ FRGN OBJ",7
Pacific,SEXUAL PENETRATION W/FOREIGN OBJECT,32
Pacific,SHOPLIFTING - ATTEMPT,1
Pacific,SHOPLIFTING - PETTY THEFT ($950 & UNDER),164
Pacific,SHOPLIFTING-GRAND THEFT ($950.01 & OVER),44
Pacific,SHOTS FIRED AT INHABITED DWELLING,8
Pacific,"SHOTS FIRED AT MOVING VEHICLE, TRAIN OR AIRCRAFT",9
Pacific,SODOMY/SEXUAL CONTACT B/W PENIS OF ONE PERS TO ANUS OTH,7
Pacific,STALKING,11
Pacific,TELEPHONE PROPERTY - DAMAGE,1
Pacific,THEFT FROM MOTOR VEHICLE - ATTEMPT,20
Pacific,THEFT FROM MOTOR VEHICLE - GRAND ($950.01 AND OVER),879
Pacific,THEFT FROM MOTOR VEHICLE - PETTY ($950 & UNDER),531
Pacific,THEFT OF IDENTITY,766
Pacific,THEFT PLAIN - ATTEMPT,1
Pacific,THEFT PLAIN - PETTY ($950 & UNDER),994
Pacific,"THEFT, PERSON",26
Pacific,"THEFT-GRAND ($950.01 & OVER)EXCPT,GUNS,FOWL,LIVESTK,PROD",778
Pacific,THREATENING PHONE CALLS/LETTERS,3
Pacific,THROWING OBJECT AT MOVING VEHICLE,18
Pacific,TRESPASSING,238
Pacific,UNAUTHORIZED COMPUTER ACCESS,6
Pacific,"VANDALISM - FELONY ($400 & OVER, ALL CHURCH VANDALISMS)",723
Pacific,VANDALISM - MISDEAMEANOR ($399 OR UNDER),232
Pacific,VEHICLE - ATTEMPT STOLEN,61
Pacific,VEHICLE - STOLEN,1453
Pacific,"VEHICLE, STOLEN - OTHER (MOTORIZED SCOOTERS, BIKES, ETC)",142
Pacific,VIOLATION OF COURT ORDER,72
Pacific,VIOLATION OF RESTRAINING ORDER,102
Pacific,VIOLATION OF TEMPORARY RESTRAINING ORDER,1
Pacific,WEAPONS POSSESSION/BOMBING,2
Rampart,ARSON,29
Rampart,ASSAULT WITH DEADLY WEAPON ON POLICE OFFICER,9
Rampart,"ASSAULT WITH DEADLY WEAPON, AGGRAVATED ASSAULT",737
Rampart,ATTEMPTED ROBBERY,85
Rampart,BATTERY - SIMPLE ASSAULT,985
Rampart,BATTERY ON A FIREFIGHTER,3
Rampart,BATTERY POLICE (SIMPLE),32
Rampart,BATTERY WITH SEXUAL CONTACT,52
Rampart,BIGAMY,1
Rampart,BIKE - STOLEN,55
Rampart,BOMB SCARE,7
Rampart,BRANDISH WEAPON,218
Rampart,"BUNCO, ATTEMPT",5
Rampart,"BUNCO, GRAND THEFT",51
Rampart,"BUNCO, PETTY THEFT",12
Rampart,BURGLARY,482
Rampart,BURGLARY FROM VEHICLE,596
Rampart,"BURGLARY FROM VEHICLE, ATTEMPTED",8
Rampart,"BURGLARY, ATTEMPTED",37
Rampart,CHILD ABUSE (PHYSICAL) - AGGRAVATED ASSAULT,5
Rampart,CHILD ABUSE (PHYSICAL) - SIMPLE ASSAULT,67
Rampart,CHILD ANNOYING (17YRS & UNDER),18
Rampart,CHILD NEGLECT (SEE 300 W.I.C.),21
Rampart,CHILD PORNOGRAPHY,1
Rampart,CHILD STEALING,6
Rampart,CONSPIRACY,1
Rampart,CONTEMPT OF COURT,2
Rampart,COUNTERFEIT,1
Rampart,"CREDIT CARDS, FRAUD USE ($950 & UNDER",2
Rampart,"CREDIT CARDS, FRAUD USE ($950.01 & OVER)",1
Rampart,CRIMINAL HOMICIDE,21
Rampart,CRIMINAL THREATS - NO WEAPON DISPLAYED,270
Rampart,CRM AGNST CHLD (13 OR UNDER) (14-15 & SUSP 10 YRS OLDER),34
Rampart,CRUELTY TO ANIMALS,3
Rampart,"DEFRAUDING INNKEEPER/THEFT OF SERVICES, $950 & UNDER",1
Rampart,DISCHARGE FIREARMS/SHOTS FIRED,23
Rampart,DISHONEST EMPLOYEE - PETTY THEFT,1
Rampart,DISTURBING THE PEACE,14
Rampart,DOCUMENT FORGERY / STOLEN FELONY,19
Rampart,DRIVING WITHOUT OWNER CONSENT (DWOC),1
Rampart,"EMBEZZLEMENT, GRAND THEFT ($950.01 & OVER)",13
Rampart,"EMBEZZLEMENT, PETTY THEFT ($950 & UNDER)",1
Rampart,EXTORTION,12
Rampart,FAILURE TO YIELD,22
Rampart,FALSE IMPRISONMENT,2
Rampart,HUMAN TRAFFICKING - COMMERCIAL SEX ACTS,2
Rampart,INDECENT EXPOSURE,19
Rampart,INTIMATE PARTNER - AGGRAVATED ASSAULT,193
Rampart,INTIMATE PARTNER - SIMPLE ASSAULT,580
Rampart,KIDNAPPING,13
Rampart,KIDNAPPING - GRAND ATTEMPT,4
Rampart,"LETTERS, LEWD  -  TELEPHONE CALLS, LEWD",72
Rampart,LEWD CONDUCT,7
Rampart,ORAL COPULATION,10
Rampart,OTHER ASSAULT,55
Rampart,OTHER MISCELLANEOUS CRIME,56
Rampart,PEEPING TOM,1
Rampart,PICKPOCKET,40
Rampart,PURSE SNATCHING,3
Rampart,"RAPE, ATTEMPTED",6
Rampart,"RAPE, FORCIBLE",67
Rampart,RESISTING ARREST,5
Rampart,ROBBERY,522
Rampart,SEX OFFENDER REGISTRANT OUT OF COMPLIANCE,4
Rampart,"SEX,UNLAWFUL(INC MUTUAL CONSENT, PENETRATION W/ FRGN OBJ",22
Rampart,SEXUAL PENETRATION W/FOREIGN OBJECT,16
Rampart,SHOPLIFTING - ATTEMPT,1
Rampart,SHOPLIFTING - PETTY THEFT ($950 & UNDER),228
Rampart,SHOPLIFTING-GRAND THEFT ($950.01 & OVER),37
Rampart,SHOTS FIRED AT INHABITED DWELLING,15
Rampart,"SHOTS FIRED AT MOVING VEHICLE, TRAIN OR AIRCRAFT",12
Rampart,SODOMY/SEXUAL CONTACT B/W PENIS OF ONE PERS TO ANUS OTH,7
Rampart,STALKING,4
Rampart,THEFT FROM MOTOR VEHICLE - ATTEMPT,7
Rampart,THEFT FROM MOTOR VEHICLE - GRAND ($950.01 AND OVER),351
Rampart,THEFT FROM MOTOR VEHICLE - PETTY ($950 & UNDER),377
Rampart,THEFT OF IDENTITY,1202
Rampart,THEFT PLAIN - ATTEMPT,2
Rampart,THEFT PLAIN - PETTY ($950 & UNDER),471
Rampart,"THEFT, COIN MACHINE - PETTY ($950 & UNDER)",1
Rampart,"THEFT, PERSON",68
Rampart,"THEFT-GRAND ($950.01 & OVER)EXCPT,GUNS,FOWL,LIVESTK,PROD",258
Rampart,THREATENING PHONE CALLS/LETTERS,2
Rampart,THROWING OBJECT AT MOVING VEHICLE,9
Rampart,TRESPASSING,114
Rampart,UNAUTHORIZED COMPUTER ACCESS,3
Rampart,"VANDALISM - FELONY ($400 & OVER, ALL CHURCH VANDALISMS)",616
Rampart,VANDALISM - MISDEAMEANOR ($399 OR UNDER),266
Rampart,VEHICLE - ATTEMPT STOLEN,48
Rampart,VEHICLE - STOLEN,1189
Rampart,"VEHICLE, STOLEN - OTHER (MOTORIZED SCOOTERS, BIKES, ETC)",18
Rampart,VIOLATION OF COURT ORDER,79
Rampart,VIOLATION OF RESTRAINING ORDER,139
Rampart,VIOLATION OF TEMPORARY RESTRAINING ORDER,16
Southeast,ARSON,32
Southeast,ASSAULT WITH DEADLY WEAPON ON POLICE OFFICER,31
Southeast,"ASSAULT WITH DEADLY WEAPON, AGGRAVATED ASSAULT",1094
Southeast,ATTEMPTED ROBBERY,77
Southeast,BATTERY - SIMPLE ASSAULT,874
Southeast,BATTERY ON A FIREFIGHTER,6
Southeast,BATTERY POLICE (SIMPLE),49
Southeast,BATTERY WITH SEXUAL CONTACT,38
Southeast,"BEASTIALITY, CRIME AGAINST NATURE SEXUAL ASSLT WITH ANIM",1
Southeast,BIKE - STOLEN,9
Southeast,BOMB SCARE,4
Southeast,BRANDISH WEAPON,208
Southeast,BRIBERY,1
Southeast,"BUNCO, ATTEMPT",1
Southeast,"BUNCO, GRAND THEFT",27
Southeast,"BUNCO, PETTY THEFT",20
Southeast,BURGLARY,300
Southeast,BURGLARY FROM VEHICLE,281
Southeast,"BURGLARY FROM VEHICLE, ATTEMPTED",11
Southeast,"BURGLARY, ATTEMPTED",24
Southeast,CHILD ABANDONMENT,1
Southeast,CHILD ABUSE (PHYSICAL) - AGGRAVATED ASSAULT,23
Southeast,CHILD ABUSE (PHYSICAL) - SIMPLE ASSAULT,94
Southeast,CHILD ANNOYING (17YRS & UNDER),14
Southeast,CHILD NEGLECT (SEE 300 W.I.C.),18
Southeast,CHILD PORNOGRAPHY,1
Southeast,CHILD STEALING,10
Southeast,CONTEMPT OF COURT,10
Southeast,"CREDIT CARDS, FRAUD USE ($950 & UNDER",1
Southeast,CRIMINAL HOMICIDE,53
Southeast,CRIMINAL THREATS - NO WEAPON DISPLAYED,345
Southeast,CRM AGNST CHLD (13 OR UNDER) (14-15 & SUSP 10 YRS OLDER),27
Southeast,CRUELTY TO ANIMALS,5
Southeast,DISCHARGE FIREARMS/SHOTS FIRED,66
Southeast,DISHONEST EMPLOYEE - GRAND THEFT,1
Southeast,DISTURBING THE PEACE,3
Southeast,DOCUMENT FORGERY / STOLEN FELONY,13
Southeast,DRIVING WITHOUT OWNER CONSENT (DWOC),3
Southeast,DRUNK ROLL,1
Southeast,"EMBEZZLEMENT, GRAND THEFT ($950.01 & OVER)",3
Southeast,"EMBEZZLEMENT, PETTY THEFT ($950 & UNDER)",1
Southeast,EXTORTION,21
Southeast,FAILURE TO YIELD,27
Southeast,FALSE IMPRISONMENT,2
Southeast,HUMAN TRAFFICKING - COMMERCIAL SEX ACTS,19
Southeast,HUMAN TRAFFICKING - INVOLUNTARY SERVITUDE,5
Southeast,ILLEGAL DUMPING,2
Southeast,INDECENT EXPOSURE,4
Southeast,INTIMATE PARTNER - AGGRAVATED ASSAULT,296
Southeast,INTIMATE PARTNER - SIMPLE ASSAULT,786
Southeast,KIDNAPPING,21
Southeast,KIDNAPPING - GRAND ATTEMPT,6
Southeast,"LETTERS, LEWD  -  TELEPHONE CALLS, LEWD",51
Southeast,LEWD CONDUCT,7
Southeast,LEWD/LASCIVIOUS ACTS WITH CHILD,2
Southeast,ORAL COPULATION,14
Southeast,OTHER ASSAULT,26
Southeast,OTHER MISCELLANEOUS CRIME,51
Southeast,PEEPING TOM,4
Southeast,PICKPOCKET,2
Southeast,PIMPING,1
Southeast,"RAPE, ATTEMPTED",3
Southeast,"RAPE, FORCIBLE",39
Southeast,RECKLESS DRIVING,1
Southeast,RESISTING ARREST,24
Southeast,ROBBERY,613
Southeast,SEX OFFENDER REGISTRANT OUT OF COMPLIANCE,31
Southeast,"SEX,UNLAWFUL(INC MUTUAL CONSENT, PENETRATION W/ FRGN OBJ",18
Southeast,SEXUAL PENETRATION W/FOREIGN OBJECT,13
Southeast,SHOPLIFTING - ATTEMPT,1
Southeast,SHOPLIFTING - PETTY THEFT ($950 & UNDER),46
Southeast,SHOPLIFTING-GRAND THEFT ($950.01 & OVER),31
Southeast,SHOTS FIRED AT INHABITED DWELLING,75
Southeast,"SHOTS FIRED AT MOVING VEHICLE, TRAIN OR AIRCRAFT",14
Southeast,SODOMY/SEXUAL CONTACT B/W PENIS OF ONE PERS TO ANUS OTH,7
Southeast,STALKING,7
Southeast,THEFT FROM MOTOR VEHICLE - ATTEMPT,6
Southeast,THEFT FROM MOTOR VEHICLE - GRAND ($950.01 AND OVER),202
Southeast,THEFT FROM MOTOR VEHICLE - PETTY ($950 & UNDER),319
Southeast,THEFT FROM PERSON - ATTEMPT,1
Southeast,THEFT OF IDENTITY,1809
Southeast,THEFT PLAIN - ATTEMPT,2
Southeast,THEFT PLAIN - PETTY ($950 & UNDER),335
Southeast,"THEFT, PERSON",56
Southeast,"THEFT-GRAND ($950.01 & OVER)EXCPT,GUNS,FOWL,LIVESTK,PROD",220
Southeast,THREATENING PHONE CALLS/LETTERS,1
Southeast,THROWING OBJECT AT MOVING VEHICLE,4
Southeast,TRESPASSING,75
Southeast,"VANDALISM - FELONY ($400 & OVER, ALL CHURCH VANDALISMS)",520
Southeast,VANDALISM - MISDEAMEANOR ($399 OR UNDER),330
Southeast,VEHICLE - ATTEMPT STOLEN,48
Southeast,VEHICLE - STOLEN,1498
Southeast,"VEHICLE, STOLEN - OTHER (MOTORIZED SCOOTERS, BIKES, ETC)",1
Southeast,VIOLATION OF COURT ORDER,85
Southeast,VIOLATION OF RESTRAINING ORDER,175
Southeast,VIOLATION OF TEMPORARY RESTRAINING ORDER,8
Southwest,ARSON,18
Southwest,ASSAULT WITH DEADLY WEAPON ON POLICE OFFICER,36
Southwest,"ASSAULT WITH DEADLY WEAPON, AGGRAVATED ASSAULT",835
Southwest,ATTEMPTED ROBBERY,63
Southwest,BATTERY - SIMPLE ASSAULT,1046
Southwest,BATTERY ON A FIREFIGHTER,2
Southwest,BATTERY POLICE (SIMPLE),21
Southwest,BATTERY WITH SEXUAL CONTACT,60
Southwest,BIKE - STOLEN,317
Southwest,BLOCKING DOOR INDUCTION CENTER,1
Southwest,BOAT - STOLEN,2
Southwest,BOMB SCARE,4
Southwest,BRANDISH WEAPON,261
Southwest,"BUNCO, ATTEMPT",11
Southwest,"BUNCO, GRAND THEFT",69
Southwest,"BUNCO, PETTY THEFT",25
Southwest,BURGLARY,483
Southwest,BURGLARY FROM VEHICLE,391
Southwest,"BURGLARY FROM VEHICLE, ATTEMPTED",12
Southwest,"BURGLARY, ATTEMPTED",49
Southwest,CHILD ABANDONMENT,2
Southwest,CHILD ABUSE (PHYSICAL) - AGGRAVATED ASSAULT,12
Southwest,CHILD ABUSE (PHYSICAL) - SIMPLE ASSAULT,53
Southwest,CHILD ANNOYING (17YRS & UNDER),18
Southwest,CHILD NEGLECT (SEE 300 W.I.C.),21
Southwest,CHILD PORNOGRAPHY,11
Southwest,CHILD STEALING,14
Southwest,CONTEMPT OF COURT,2
Southwest,COUNTERFEIT,1
Southwest,"CREDIT CARDS, FRAUD USE ($950 & UNDER",1
Southwest,"CREDIT CARDS, FRAUD USE ($950.01 & OVER)",2
Southwest,CRIMINAL HOMICIDE,21
Southwest,CRIMINAL THREATS - NO WEAPON DISPLAYED,321
Southwest,CRM AGNST CHLD (13 OR UNDER) (14-15 & SUSP 10 YRS OLDER),25
Southwest,CRUELTY TO ANIMALS,1
Southwest,DISCHARGE FIREARMS/SHOTS FIRED,31
Southwest,DISHONEST EMPLOYEE - GRAND THEFT,1
Southwest,DISTURBING THE PEACE,24
Southwest,DOCUMENT FORGERY / STOLEN FELONY,28
Southwest,DOCUMENT WORTHLESS ($200.01 & OVER),2
Southwest,"EMBEZZLEMENT, GRAND THEFT ($950.01 & OVER)",82
Southwest,"EMBEZZLEMENT, PETTY THEFT ($950 & UNDER)",5
Southwest,EXTORTION,34
Southwest,FAILURE TO YIELD,59
Southwest,FALSE IMPRISONMENT,7
Southwest,HUMAN TRAFFICKING - COMMERCIAL SEX ACTS,4
Southwest,HUMAN TRAFFICKING - INVOLUNTARY SERVITUDE,2
Southwest,ILLEGAL DUMPING,2
Southwest,INDECENT EXPOSURE,15
Southwest,INTIMATE PARTNER - AGGRAVATED ASSAULT,186
Southwest,INTIMATE PARTNER - SIMPLE ASSAULT,693
Southwest,KIDNAPPING,16
Southwest,KIDNAPPING - GRAND ATTEMPT,2
Southwest,"LETTERS, LEWD  -  TELEPHONE CALLS, LEWD",128
Southwest,LEWD CONDUCT,20
Southwest,LEWD/LASCIVIOUS ACTS WITH CHILD,1
Southwest,ORAL COPULATION,5
Southwest,OTHER ASSAULT,58
Southwest,OTHER MISCELLANEOUS CRIME,59
Southwest,PEEPING TOM,10
Southwest,PICKPOCKET,60
Southwest,PROWLER,2
Southwest,PURSE SNATCHING,1
Southwest,PURSE SNATCHING - ATTEMPT,1
Southwest,"RAPE, ATTEMPTED",4
Southwest,"RAPE, FORCIBLE",37
Southwest,RECKLESS DRIVING,1
Southwest,RESISTING ARREST,17
Southwest,ROBBERY,436
Southwest,SEX OFFENDER REGISTRANT OUT OF COMPLIANCE,20
Southwest,"SEX,UNLAWFUL(INC MUTUAL CONSENT, PENETRATION W/ FRGN OBJ",9
Southwest,SEXUAL PENETRATION W/FOREIGN OBJECT,17
Southwest,SHOPLIFTING - ATTEMPT,2
Southwest,SHOPLIFTING - PETTY THEFT ($950 & UNDER),231
Southwest,SHOPLIFTING-GRAND THEFT ($950.01 & OVER),51
Southwest,SHOTS FIRED AT INHABITED DWELLING,26
Southwest,"SHOTS FIRED AT MOVING VEHICLE, TRAIN OR AIRCRAFT",6
Southwest,SODOMY/SEXUAL CONTACT B/W PENIS OF ONE PERS TO ANUS OTH,11
Southwest,STALKING,14
Southwest,THEFT FROM MOTOR VEHICLE - ATTEMPT,10
Southwest,THEFT FROM MOTOR VEHICLE - GRAND ($950.01 AND OVER),438
Southwest,THEFT FROM MOTOR VEHICLE - PETTY ($950 & UNDER),360
Southwest,THEFT FROM PERSON - ATTEMPT,3
Southwest,THEFT OF IDENTITY,1692
Southwest,THEFT PLAIN - PETTY ($950 & UNDER),656
Southwest,"THEFT, PERSON",127
Southwest,"THEFT-GRAND ($950.01 & OVER)EXCPT,GUNS,FOWL,LIVESTK,PROD",360
Southwest,THREATENING PHONE CALLS/LETTERS,7
Southwest,THROWING OBJECT AT MOVING VEHICLE,5
Southwest,TRESPASSING,117
Southwest,UNAUTHORIZED COMPUTER ACCESS,3
Southwest,"VANDALISM - FELONY ($400 & OVER, ALL CHURCH VANDALISMS)",691
Southwest,VANDALISM - MISDEAMEANOR ($399 OR UNDER),301
Southwest,VEHICLE - ATTEMPT STOLEN,55
Southwest,VEHICLE - STOLEN,1415
Southwest,"VEHICLE, STOLEN - OTHER (MOTORIZED SCOOTERS, BIKES, ETC)",247
Southwest,VIOLATION OF COURT ORDER,100
Southwest,VIOLATION OF RESTRAINING ORDER,175
Southwest,VIOLATION OF TEMPORARY RESTRAINING ORDER,17
Topanga,ARSON,16
Topanga,ASSAULT WITH DEADLY WEAPON ON POLICE OFFICER,4
Topanga,"ASSAULT WITH DEADLY WEAPON, AGGRAVATED ASSAULT",388
Topanga,ATTEMPTED ROBBERY,27
Topanga,BATTERY - SIMPLE ASSAULT,691
Topanga,BATTERY ON A FIREFIGHTER,6
Topanga,BATTERY POLICE (SIMPLE),11
Topanga,BATTERY WITH SEXUAL CONTACT,38
Topanga,BIKE - STOLEN,42
Topanga,BOAT - STOLEN,3
Topanga,BOMB SCARE,1
Topanga,BRANDISH WEAPON,135
Topanga,"BUNCO, ATTEMPT",3
Topanga,"BUNCO, GRAND THEFT",109
Topanga,"BUNCO, PETTY THEFT",27
Topanga,BURGLARY,804
Topanga,BURGLARY FROM VEHICLE,458
Topanga,"BURGLARY FROM VEHICLE, ATTEMPTED",2
Topanga,"BURGLARY, ATTEMPTED",48
Topanga,CHILD ABUSE (PHYSICAL) - AGGRAVATED ASSAULT,4
Topanga,CHILD ABUSE (PHYSICAL) - SIMPLE ASSAULT,30
Topanga,CHILD ANNOYING (17YRS & UNDER),11
Topanga,CHILD NEGLECT (SEE 300 W.I.C.),10
Topanga,CHILD PORNOGRAPHY,4
Topanga,CHILD STEALING,6
Topanga,CONTEMPT OF COURT,2
Topanga,COUNTERFEIT,2
Topanga,"CREDIT CARDS, FRAUD USE ($950 & UNDER",1
Topanga,"CREDIT CARDS, FRAUD USE ($950.01 & OVER)",4
Topanga,CRIMINAL HOMICIDE,14
Topanga,CRIMINAL THREATS - NO WEAPON DISPLAYED,165
Topanga,CRM AGNST CHLD (13 OR UNDER) (14-15 & SUSP 10 YRS OLDER),16
Topanga,CRUELTY TO ANIMALS,4
Topanga,"DEFRAUDING INNKEEPER/THEFT OF SERVICES, $950 & UNDER",1
Topanga,DISCHARGE FIREARMS/SHOTS FIRED,13
Topanga,DISTURBING THE PEACE,36
Topanga,DOCUMENT FORGERY / STOLEN FELONY,88
Topanga,DRIVING WITHOUT OWNER CONSENT (DWOC),1
Topanga,"EMBEZZLEMENT, GRAND THEFT ($950.01 & OVER)",42
Topanga,"EMBEZZLEMENT, PETTY THEFT ($950 & UNDER)",1
Topanga,EXTORTION,31
Topanga,FAILURE TO YIELD,4
Topanga,FALSE IMPRISONMENT,3
Topanga,FALSE POLICE REPORT,4
Topanga,HUMAN TRAFFICKING - COMMERCIAL SEX ACTS,2
Topanga,INDECENT EXPOSURE,11
Topanga,INTIMATE PARTNER - AGGRAVATED ASSAULT,118
Topanga,INTIMATE PARTNER - SIMPLE ASSAULT,461
Topanga,KIDNAPPING,11
Topanga,KIDNAPPING - GRAND ATTEMPT,1
Topanga,"LETTERS, LEWD  -  TELEPHONE CALLS, LEWD",99
Topanga,LEWD CONDUCT,3
Topanga,ORAL COPULATION,3
Topanga,OTHER ASSAULT,34
Topanga,OTHER MISCELLANEOUS CRIME,55
Topanga,PANDERING,1
Topanga,PEEPING TOM,6
Topanga,PICKPOCKET,13
Topanga,PURSE SNATCHING,1
Topanga,"RAPE, ATTEMPTED",1
Topanga,"RAPE, FORCIBLE",38
Topanga,RECKLESS DRIVING,3
Topanga,RESISTING ARREST,5
Topanga,ROBBERY,241
Topanga,SEX OFFENDER REGISTRANT OUT OF COMPLIANCE,1
Topanga,"SEX,UNLAWFUL(INC MUTUAL CONSENT, PENETRATION W/ FRGN OBJ",16
Topanga,SEXUAL PENETRATION W/FOREIGN OBJECT,15
Topanga,SHOPLIFTING - ATTEMPT,1
Topanga,SHOPLIFTING - PETTY THEFT ($950 & UNDER),546
Topanga,SHOPLIFTING-GRAND THEFT ($950.01 & OVER),190
Topanga,SHOTS FIRED AT INHABITED DWELLING,20
Topanga,"SHOTS FIRED AT MOVING VEHICLE, TRAIN OR AIRCRAFT",2
Topanga,SODOMY/SEXUAL CONTACT B/W PENIS OF ONE PERS TO ANUS OTH,5
Topanga,STALKING,8
Topanga,THEFT FROM MOTOR VEHICLE - ATTEMPT,10
Topanga,THEFT FROM MOTOR VEHICLE - GRAND ($950.01 AND OVER),401
Topanga,THEFT FROM MOTOR VEHICLE - PETTY ($950 & UNDER),328
Topanga,THEFT FROM PERSON - ATTEMPT,2
Topanga,THEFT OF IDENTITY,984
Topanga,THEFT PLAIN - ATTEMPT,4
Topanga,THEFT PLAIN - PETTY ($950 & UNDER),419
Topanga,"THEFT, COIN MACHINE - PETTY ($950 & UNDER)",1
Topanga,"THEFT, PERSON",14
Topanga,"THEFT-GRAND ($950.01 & OVER)EXCPT,GUNS,FOWL,LIVESTK,PROD",287
Topanga,THREATENING PHONE CALLS/LETTERS,23
Topanga,THROWING OBJECT AT MOVING VEHICLE,14
Topanga,TRESPASSING,127
Topanga,UNAUTHORIZED COMPUTER ACCESS,12
Topanga,"VANDALISM - FELONY ($400 & OVER, ALL CHURCH VANDALISMS)",489
Topanga,VANDALISM - MISDEAMEANOR ($399 OR UNDER),145
Topanga,VEHICLE - ATTEMPT STOLEN,18
Topanga,VEHICLE - STOLEN,693
Topanga,VIOLATION OF COURT ORDER,61
Topanga,VIOLATION OF RESTRAINING ORDER,194
Topanga,VIOLATION OF TEMPORARY RESTRAINING ORDER,13
Van Nuys,ARSON,19
Van Nuys,ASSAULT WITH DEADLY WEAPON ON POLICE OFFICER,1
Van Nuys,"ASSAULT WITH DEADLY WEAPON, AGGRAVATED ASSAULT",390
Van Nuys,ATTEMPTED ROBBERY,28
Van Nuys,BATTERY - SIMPLE ASSAULT,723
Van Nuys,BATTERY ON A FIREFIGHTER,2
Van Nuys,BATTERY POLICE (SIMPLE),18
Van Nuys,BATTERY WITH SEXUAL CONTACT,52
Van Nuys,"BEASTIALITY, CRIME AGAINST NATURE SEXUAL ASSLT WITH ANIM",1
Van Nuys,BIKE - STOLEN,45
Van Nuys,BOAT - STOLEN,2
Van Nuys,BOMB SCARE,3
Van Nuys,BRANDISH WEAPON,99
Van Nuys,"BUNCO, GRAND THEFT",68
Van Nuys,"BUNCO, PETTY THEFT",17
Van Nuys,BURGLARY,853
Van Nuys,BURGLARY FROM VEHICLE,572
Van Nuys,"BURGLARY FROM VEHICLE, ATTEMPTED",6
Van Nuys,"BURGLARY, ATTEMPTED",41
Van Nuys,CHILD ABANDONMENT,1
Van Nuys,CHILD ABUSE (PHYSICAL) - AGGRAVATED ASSAULT,4
Van Nuys,CHILD ABUSE (PHYSICAL) - SIMPLE ASSAULT,20
Van Nuys,CHILD ANNOYING (17YRS & UNDER),15
Van Nuys,CHILD NEGLECT (SEE 300 W.I.C.),8
Van Nuys,CHILD PORNOGRAPHY,6
Van Nuys,CHILD STEALING,2
Van Nuys,CONTEMPT OF COURT,11
Van Nuys,CONTRIBUTING,2
Van Nuys,COUNTERFEIT,3
Van Nuys,"CREDIT CARDS, FRAUD USE ($950.01 & OVER)",1
Van Nuys,CRIMINAL HOMICIDE,5
Van Nuys,CRIMINAL THREATS - NO WEAPON DISPLAYED,177
Van Nuys,CRM AGNST CHLD (13 OR UNDER) (14-15 & SUSP 10 YRS OLDER),15
Van Nuys,CRUELTY TO ANIMALS,4
Van Nuys,"DEFRAUDING INNKEEPER/THEFT OF SERVICES, $950 & UNDER",3
Van Nuys,DISCHARGE FIREARMS/SHOTS FIRED,17
Van Nuys,DISRUPT SCHOOL,1
Van Nuys,DISTURBING THE PEACE,11
Van Nuys,DOCUMENT FORGERY / STOLEN FELONY,40
Van Nuys,DOCUMENT WORTHLESS ($200.01 & OVER),2
Van Nuys,"EMBEZZLEMENT, GRAND THEFT ($950.01 & OVER)",43
Van Nuys,"EMBEZZLEMENT, PETTY THEFT ($950 & UNDER)",3
Van Nuys,EXTORTION,21
Van Nuys,FAILURE TO YIELD,5
Van Nuys,FALSE IMPRISONMENT,4
Van Nuys,FALSE POLICE REPORT,2
Van Nuys,HUMAN TRAFFICKING - COMMERCIAL SEX ACTS,1
Van Nuys,INDECENT EXPOSURE,14
Van Nuys,INTIMATE PARTNER - AGGRAVATED ASSAULT,83
Van Nuys,INTIMATE PARTNER - SIMPLE ASSAULT,497
Van Nuys,KIDNAPPING,4
Van Nuys,KIDNAPPING - GRAND ATTEMPT,5
Van Nuys,"LETTERS, LEWD  -  TELEPHONE CALLS, LEWD",110
Van Nuys,LEWD CONDUCT,12
Van Nuys,ORAL COPULATION,7
Van Nuys,OTHER ASSAULT,36
Van Nuys,OTHER MISCELLANEOUS CRIME,81
Van Nuys,PANDERING,18
Van Nuys,PEEPING TOM,6
Van Nuys,PICKPOCKET,8
Van Nuys,PIMPING,2
Van Nuys,PURSE SNATCHING - ATTEMPT,1
Van Nuys,"RAPE, ATTEMPTED",1
Van Nuys,"RAPE, FORCIBLE",20
Van Nuys,RESISTING ARREST,6
Van Nuys,ROBBERY,223
Van Nuys,SEX OFFENDER REGISTRANT OUT OF COMPLIANCE,3
Van Nuys,"SEX,UNLAWFUL(INC MUTUAL CONSENT, PENETRATION W/ FRGN OBJ",10
Van Nuys,SEXUAL PENETRATION W/FOREIGN OBJECT,6
Van Nuys,SHOPLIFTING - ATTEMPT,1
Van Nuys,SHOPLIFTING - PETTY THEFT ($950 & UNDER),265
Van Nuys,SHOPLIFTING-GRAND THEFT ($950.01 & OVER),86
Van Nuys,SHOTS FIRED AT INHABITED DWELLING,13
Van Nuys,SODOMY/SEXUAL CONTACT B/W PENIS OF ONE PERS TO ANUS OTH,3
Van Nuys,STALKING,5
Van Nuys,THEFT FROM MOTOR VEHICLE - ATTEMPT,12
Van Nuys,THEFT FROM MOTOR VEHICLE - GRAND ($950.01 AND OVER),531
Van Nuys,THEFT FROM MOTOR VEHICLE - PETTY ($950 & UNDER),369
Van Nuys,THEFT OF IDENTITY,982
Van Nuys,THEFT PLAIN - ATTEMPT,5
Van Nuys,THEFT PLAIN - PETTY ($950 & UNDER),440
Van Nuys,"THEFT, PERSON",24
Van Nuys,"THEFT-GRAND ($950.01 & OVER)EXCPT,GUNS,FOWL,LIVESTK,PROD",311
Van Nuys,THROWING OBJECT AT MOVING VEHICLE,3
Van Nuys,TRESPASSING,124
Van Nuys,UNAUTHORIZED COMPUTER ACCESS,8
Van Nuys,"VANDALISM - FELONY ($400 & OVER, ALL CHURCH VANDALISMS)",637
Van Nuys,VANDALISM - MISDEAMEANOR ($399 OR UNDER),211
Van Nuys,VEHICLE - ATTEMPT STOLEN,16
Van Nuys,VEHICLE - STOLEN,930
Van Nuys,"VEHICLE, STOLEN - OTHER (MOTORIZED SCOOTERS, BIKES, ETC)",10
Van Nuys,VIOLATION OF COURT ORDER,72
Van Nuys,VIOLATION OF RESTRAINING ORDER,120
Van Nuys,VIOLATION OF TEMPORARY RESTRAINING ORDER,14
West LA,ARSON,21
West LA,ASSAULT WITH DEADLY WEAPON ON POLICE OFFICER,2
West LA,"ASSAULT WITH DEADLY WEAPON, AGGRAVATED ASSAULT",160
West LA,ATTEMPTED ROBBERY,12
West LA,BATTERY - SIMPLE ASSAULT,695
West LA,BATTERY ON A FIREFIGHTER,1
West LA,BATTERY POLICE (SIMPLE),13
West LA,BATTERY WITH SEXUAL CONTACT,37
West LA,BIKE - STOLEN,215
West LA,BOMB SCARE,7
West LA,BRANDISH WEAPON,98
West LA,"BUNCO, GRAND THEFT",122
West LA,"BUNCO, PETTY THEFT",26
West LA,BURGLARY,1125
West LA,BURGLARY FROM VEHICLE,709
West LA,"BURGLARY FROM VEHICLE, ATTEMPTED",2
West LA,"BURGLARY, ATTEMPTED",56
West LA,CHILD ABUSE (PHYSICAL) - AGGRAVATED ASSAULT,2
West LA,CHILD ABUSE (PHYSICAL) - SIMPLE ASSAULT,15
West LA,CHILD ANNOYING (17YRS & UNDER),7
West LA,CHILD NEGLECT (SEE 300 W.I.C.),2
West LA,CHILD PORNOGRAPHY,2
West LA,CHILD STEALING,1
West LA,CONTEMPT OF COURT,9
West LA,COUNTERFEIT,1
West LA,"CREDIT CARDS, FRAUD USE ($950.01 & OVER)",1
West LA,CRIMINAL HOMICIDE,2
West LA,CRIMINAL THREATS - NO WEAPON DISPLAYED,183
West LA,CRM AGNST CHLD (13 OR UNDER) (14-15 & SUSP 10 YRS OLDER),12
West LA,CRUELTY TO ANIMALS,4
West LA,"DEFRAUDING INNKEEPER/THEFT OF SERVICES, $950 & UNDER",5
West LA,DISCHARGE FIREARMS/SHOTS FIRED,5
West LA,DISHONEST EMPLOYEE - PETTY THEFT,2
West LA,DISTURBING THE PEACE,39
West LA,DOCUMENT FORGERY / STOLEN FELONY,91
West LA,DOCUMENT WORTHLESS ($200.01 & OVER),1
West LA,DRIVING WITHOUT OWNER CONSENT (DWOC),1
West LA,"EMBEZZLEMENT, GRAND THEFT ($950.01 & OVER)",31
West LA,"EMBEZZLEMENT, PETTY THEFT ($950 & UNDER)",4
West LA,EXTORTION,32
West LA,FAILURE TO YIELD,3
West LA,FALSE IMPRISONMENT,5
West LA,FALSE POLICE REPORT,1
West LA,ILLEGAL DUMPING,3
West LA,INDECENT EXPOSURE,15
West LA,INTIMATE PARTNER - AGGRAVATED ASSAULT,26
West LA,INTIMATE PARTNER - SIMPLE ASSAULT,265
West LA,KIDNAPPING,1
West LA,"LETTERS, LEWD  -  TELEPHONE CALLS, LEWD",135
West LA,LEWD CONDUCT,11
West LA,ORAL COPULATION,12
West LA,OTHER ASSAULT,67
West LA,OTHER MISCELLANEOUS CRIME,64
West LA,PANDERING,1
West LA,PEEPING TOM,6
West LA,PICKPOCKET,28
West LA,PROWLER,5
West LA,PURSE SNATCHING,2
West LA,"RAPE, ATTEMPTED",2
West LA,"RAPE, FORCIBLE",25
West LA,RESISTING ARREST,6
West LA,ROBBERY,162
West LA,SEX OFFENDER REGISTRANT OUT OF COMPLIANCE,1
West LA,"SEX,UNLAWFUL(INC MUTUAL CONSENT, PENETRATION W/ FRGN OBJ",3
West LA,SEXUAL PENETRATION W/FOREIGN OBJECT,10
West LA,SHOPLIFTING - PETTY THEFT ($950 & UNDER),514
West LA,SHOPLIFTING-GRAND THEFT ($950.01 & OVER),121
West LA,SHOTS FIRED AT INHABITED DWELLING,2
West LA,SODOMY/SEXUAL CONTACT B/W PENIS OF ONE PERS TO ANUS OTH,2
West LA,STALKING,5
West LA,THEFT FROM MOTOR VEHICLE - ATTEMPT,10
West LA,THEFT FROM MOTOR VEHICLE - GRAND ($950.01 AND OVER),578
West LA,THEFT FROM MOTOR VEHICLE - PETTY ($950 & UNDER),329
West LA,THEFT FROM PERSON - ATTEMPT,3
West LA,THEFT OF IDENTITY,915
West LA,THEFT PLAIN - ATTEMPT,8
West LA,THEFT PLAIN - PETTY ($950 & UNDER),721
West LA,"THEFT, PERSON",39
West LA,"THEFT-GRAND ($950.01 & OVER)EXCPT,GUNS,FOWL,LIVESTK,PROD",526
West LA,THREATENING PHONE CALLS/LETTERS,6
West LA,THROWING OBJECT AT MOVING VEHICLE,6
West LA,TILL TAP - GRAND THEFT ($950.01 & OVER),1
West LA,TILL TAP - PETTY ($950 & UNDER),2
West LA,TRESPASSING,215
West LA,UNAUTHORIZED COMPUTER ACCESS,28
West LA,"VANDALISM - FELONY ($400 & OVER, ALL CHURCH VANDALISMS)",673
West LA,VANDALISM - MISDEAMEANOR ($399 OR UNDER),190
West LA,VEHICLE - ATTEMPT STOLEN,8
West LA,VEHICLE - STOLEN,802
West LA,"VEHICLE, STOLEN - OTHER (MOTORIZED SCOOTERS, BIKES, ETC)",48
West LA,VIOLATION OF COURT ORDER,45
West LA,VIOLATION OF RESTRAINING ORDER,94
West LA,VIOLATION OF TEMPORARY RESTRAINING ORDER,3
West Valley,ARSON,21
West Valley,ASSAULT WITH DEADLY WEAPON ON POLICE OFFICER,5
West Valley,"ASSAULT WITH DEADLY WEAPON, AGGRAVATED ASSAULT",421
West Valley,ATTEMPTED ROBBERY,36
West Valley,BATTERY - SIMPLE ASSAULT,684
West Valley,BATTERY ON A FIREFIGHTER,4
West Valley,BATTERY POLICE (SIMPLE),16
West Valley,BATTERY WITH SEXUAL CONTACT,54
West Valley,BIKE - STOLEN,47
West Valley,BLOCKING DOOR INDUCTION CENTER,3
West Valley,BOAT - STOLEN,2
West Valley,BOMB SCARE,3
West Valley,BRANDISH WEAPON,129
West Valley,"BUNCO, ATTEMPT",2
West Valley,"BUNCO, GRAND THEFT",94
West Valley,"BUNCO, PETTY THEFT",16
West Valley,BURGLARY,915
West Valley,BURGLARY FROM VEHICLE,604
West Valley,"BURGLARY FROM VEHICLE, ATTEMPTED",5
West Valley,"BURGLARY, ATTEMPTED",82
West Valley,CHILD ABUSE (PHYSICAL) - AGGRAVATED ASSAULT,6
West Valley,CHILD ABUSE (PHYSICAL) - SIMPLE ASSAULT,44
West Valley,CHILD ANNOYING (17YRS & UNDER),14
West Valley,CHILD NEGLECT (SEE 300 W.I.C.),31
West Valley,CHILD PORNOGRAPHY,4
West Valley,CHILD STEALING,8
West Valley,CONTEMPT OF COURT,22
West Valley,CONTRIBUTING,3
West Valley,COUNTERFEIT,2
West Valley,"CREDIT CARDS, FRAUD USE ($950 & UNDER",3
West Valley,CRIMINAL HOMICIDE,6
West Valley,CRIMINAL THREATS - NO WEAPON DISPLAYED,260
West Valley,CRM AGNST CHLD (13 OR UNDER) (14-15 & SUSP 10 YRS OLDER),12
West Valley,CRUELTY TO ANIMALS,5
West Valley,"DEFRAUDING INNKEEPER/THEFT OF SERVICES, $950 & UNDER",4
West Valley,"DEFRAUDING INNKEEPER/THEFT OF SERVICES, OVER $950.01",1
West Valley,DISCHARGE FIREARMS/SHOTS FIRED,19
West Valley,DISHONEST EMPLOYEE ATTEMPTED THEFT,1
West Valley,DISTURBING THE PEACE,28
West Valley,DOCUMENT FORGERY / STOLEN FELONY,62
West Valley,DOCUMENT WORTHLESS ($200.01 & OVER),1
West Valley,"EMBEZZLEMENT, GRAND THEFT ($950.01 & OVER)",27
West Valley,"EMBEZZLEMENT, PETTY THEFT ($950 & UNDER)",1
West Valley,EXTORTION,32
West Valley,FAILURE TO YIELD,8
West Valley,FALSE IMPRISONMENT,1
West Valley,FALSE POLICE REPORT,1
West Valley,HUMAN TRAFFICKING - COMMERCIAL SEX ACTS,1
West Valley,HUMAN TRAFFICKING - INVOLUNTARY SERVITUDE,1
West Valley,ILLEGAL DUMPING,3
West Valley,INDECENT EXPOSURE,14
West Valley,INTIMATE PARTNER - AGGRAVATED ASSAULT,114
West Valley,INTIMATE PARTNER - SIMPLE ASSAULT,516
West Valley,KIDNAPPING,6
West Valley,KIDNAPPING - GRAND ATTEMPT,3
West Valley,"LETTERS, LEWD  -  TELEPHONE CALLS, LEWD",111
West Valley,LEWD CONDUCT,8
West Valley,LEWD/LASCIVIOUS ACTS WITH CHILD,6
West Valley,"MANSLAUGHTER, NEGLIGENT",1
West Valley,ORAL COPULATION,7
West Valley,OTHER ASSAULT,43
West Valley,OTHER MISCELLANEOUS CRIME,73
West Valley,PEEPING TOM,7
West Valley,PICKPOCKET,11
West Valley,PIMPING,1
West Valley,PROWLER,17
West Valley,"RAPE, ATTEMPTED",5
West Valley,"RAPE, FORCIBLE",35
West Valley,RECKLESS DRIVING,8
West Valley,RESISTING ARREST,11
West Valley,ROBBERY,266
West Valley,SEX OFFENDER REGISTRANT OUT OF COMPLIANCE,5
West Valley,"SEX,UNLAWFUL(INC MUTUAL CONSENT, PENETRATION W/ FRGN OBJ",12
West Valley,SEXUAL PENETRATION W/FOREIGN OBJECT,11
West Valley,SHOPLIFTING - ATTEMPT,2
West Valley,SHOPLIFTING - PETTY THEFT ($950 & UNDER),152
West Valley,SHOPLIFTING-GRAND THEFT ($950.01 & OVER),38
West Valley,SHOTS FIRED AT INHABITED DWELLING,15
West Valley,"SHOTS FIRED AT MOVING VEHICLE, TRAIN OR AIRCRAFT",3
West Valley,SODOMY/SEXUAL CONTACT B/W PENIS OF ONE PERS TO ANUS OTH,3
West Valley,STALKING,8
West Valley,TELEPHONE PROPERTY - DAMAGE,1
West Valley,THEFT FROM MOTOR VEHICLE - ATTEMPT,21
West Valley,THEFT FROM MOTOR VEHICLE - GRAND ($950.01 AND OVER),597
West Valley,THEFT FROM MOTOR VEHICLE - PETTY ($950 & UNDER),419
West Valley,THEFT OF IDENTITY,1000
West Valley,THEFT PLAIN - ATTEMPT,2
West Valley,THEFT PLAIN - PETTY ($950 & UNDER),406
West Valley,"THEFT, COIN MACHINE - PETTY ($950 & UNDER)",1
West Valley,"THEFT, PERSON",19
West Valley,"THEFT-GRAND ($950.01 & OVER)EXCPT,GUNS,FOWL,LIVESTK,PROD",348
West Valley,THREATENING PHONE CALLS/LETTERS,3
West Valley,THROWING OBJECT AT MOVING VEHICLE,8
West Valley,TRESPASSING,153
West Valley,UNAUTHORIZED COMPUTER ACCESS,29
West Valley,"VANDALISM - FELONY ($400 & OVER, ALL CHURCH VANDALISMS)",531
West Valley,VANDALISM - MISDEAMEANOR ($399 OR UNDER),238
West Valley,VEHICLE - ATTEMPT STOLEN,33
West Valley,VEHICLE - STOLEN,986
West Valley,"VEHICLE, STOLEN - OTHER (MOTORIZED SCOOTERS, BIKES, ETC)",10
West Valley,VIOLATION OF COURT ORDER,131
West Valley,VIOLATION OF RESTRAINING ORDER,34
West Valley,VIOLATION OF TEMPORARY RESTRAINING ORDER,46
Wilshire,ARSON,20
Wilshire,ASSAULT WITH DEADLY WEAPON ON POLICE OFFICER,12
Wilshire,"ASSAULT WITH DEADLY WEAPON, AGGRAVATED ASSAULT",364
Wilshire,ATTEMPTED ROBBERY,33
Wilshire,BATTERY - SIMPLE ASSAULT,758
Wilshire,BATTERY ON A FIREFIGHTER,2
Wilshire,BATTERY POLICE (SIMPLE),21
Wilshire,BATTERY WITH SEXUAL CONTACT,46
Wilshire,BIKE - STOLEN,89
Wilshire,BOMB SCARE,9
Wilshire,BRANDISH WEAPON,133
Wilshire,"BUNCO, GRAND THEFT",95
Wilshire,"BUNCO, PETTY THEFT",17
Wilshire,BURGLARY,823
Wilshire,BURGLARY FROM VEHICLE,704
Wilshire,"BURGLARY FROM VEHICLE, ATTEMPTED",3
Wilshire,"BURGLARY, ATTEMPTED",30
Wilshire,CHILD ABUSE (PHYSICAL) - AGGRAVATED ASSAULT,4
Wilshire,CHILD ABUSE (PHYSICAL) - SIMPLE ASSAULT,33
Wilshire,CHILD ANNOYING (17YRS & UNDER),5
Wilshire,CHILD NEGLECT (SEE 300 W.I.C.),15
Wilshire,CHILD PORNOGRAPHY,3
Wilshire,CHILD STEALING,2
Wilshire,CONTEMPT OF COURT,2
Wilshire,COUNTERFEIT,2
Wilshire,"CREDIT CARDS, FRAUD USE ($950.01 & OVER)",3
Wilshire,CRIMINAL HOMICIDE,7
Wilshire,CRIMINAL THREATS - NO WEAPON DISPLAYED,213
Wilshire,CRM AGNST CHLD (13 OR UNDER) (14-15 & SUSP 10 YRS OLDER),9
Wilshire,CRUELTY TO ANIMALS,2
Wilshire,"DEFRAUDING INNKEEPER/THEFT OF SERVICES, $950 & UNDER",10
Wilshire,"DEFRAUDING INNKEEPER/THEFT OF SERVICES, OVER $950.01",5
Wilshire,DISCHARGE FIREARMS/SHOTS FIRED,14
Wilshire,DISTURBING THE PEACE,53
Wilshire,DOCUMENT FORGERY / STOLEN FELONY,46
Wilshire,DRUNK ROLL,3
Wilshire,"EMBEZZLEMENT, GRAND THEFT ($950.01 & OVER)",48
Wilshire,"EMBEZZLEMENT, PETTY THEFT ($950 & UNDER)",7
Wilshire,EXTORTION,13
Wilshire,FAILURE TO YIELD,6
Wilshire,FALSE IMPRISONMENT,7
Wilshire,FALSE POLICE REPORT,10
Wilshire,HUMAN TRAFFICKING - INVOLUNTARY SERVITUDE,1
Wilshire,ILLEGAL DUMPING,1
Wilshire,INDECENT EXPOSURE,7
Wilshire,INTIMATE PARTNER - AGGRAVATED ASSAULT,64
Wilshire,INTIMATE PARTNER - SIMPLE ASSAULT,376
Wilshire,KIDNAPPING,7
Wilshire,"LETTERS, LEWD  -  TELEPHONE CALLS, LEWD",108
Wilshire,LEWD CONDUCT,12
Wilshire,ORAL COPULATION,7
Wilshire,OTHER ASSAULT,58
Wilshire,OTHER MISCELLANEOUS CRIME,100
Wilshire,PEEPING TOM,8
Wilshire,PICKPOCKET,103
Wilshire,"RAPE, ATTEMPTED",5
Wilshire,"RAPE, FORCIBLE",35
Wilshire,RECKLESS DRIVING,1
Wilshire,RESISTING ARREST,2
Wilshire,ROBBERY,385
Wilshire,SEX OFFENDER REGISTRANT OUT OF COMPLIANCE,40
Wilshire,"SEX,UNLAWFUL(INC MUTUAL CONSENT, PENETRATION W/ FRGN OBJ",6
Wilshire,SEXUAL PENETRATION W/FOREIGN OBJECT,22
Wilshire,SHOPLIFTING - ATTEMPT,2
Wilshire,SHOPLIFTING - PETTY THEFT ($950 & UNDER),662
Wilshire,SHOPLIFTING-GRAND THEFT ($950.01 & OVER),179
Wilshire,SHOTS FIRED AT INHABITED DWELLING,5
Wilshire,"SHOTS FIRED AT MOVING VEHICLE, TRAIN OR AIRCRAFT",1
Wilshire,SODOMY/SEXUAL CONTACT B/W PENIS OF ONE PERS TO ANUS OTH,10
Wilshire,STALKING,13
Wilshire,THEFT FROM MOTOR VEHICLE - ATTEMPT,12
Wilshire,THEFT FROM MOTOR VEHICLE - GRAND ($950.01 AND OVER),509
Wilshire,THEFT FROM MOTOR VEHICLE - PETTY ($950 & UNDER),375
Wilshire,THEFT FROM PERSON - ATTEMPT,1
Wilshire,THEFT OF IDENTITY,764
Wilshire,THEFT PLAIN - ATTEMPT,3
Wilshire,THEFT PLAIN - PETTY ($950 & UNDER),746
Wilshire,"THEFT, PERSON",43
Wilshire,"THEFT-GRAND ($950.01 & OVER)EXCPT,GUNS,FOWL,LIVESTK,PROD",524
Wilshire,THREATENING PHONE CALLS/LETTERS,7
Wilshire,THROWING OBJECT AT MOVING VEHICLE,9
Wilshire,TILL TAP - GRAND THEFT ($950.01 & OVER),1
Wilshire,TRESPASSING,214
Wilshire,UNAUTHORIZED COMPUTER ACCESS,6
Wilshire,"VANDALISM - FELONY ($400 & OVER, ALL CHURCH VANDALISMS)",648
Wilshire,VANDALISM - MISDEAMEANOR ($399 OR UNDER),247
Wilshire,VEHICLE - ATTEMPT STOLEN,14
Wilshire,VEHICLE - STOLEN,925
Wilshire,"VEHICLE, STOLEN - OTHER (MOTORIZED SCOOTERS, BIKES, ETC)",21
Wilshire,VIOLATION OF COURT ORDER,75
Wilshire,VIOLATION OF RESTRAINING ORDER,119
Wilshire,VIOLATION OF TEMPORARY RESTRAINING ORDER,3
Wilshire,WEAPONS POSSESSION/BOMBING,1
