GridLat,GridLon,Total_Crimes,LAT,LON
33.71,-118.31,8,33.7140375,-118.307625
33.71,-118.3,21,33.713276190476186,-118.30050952380952
33.71,-118.29,149,33.710575838926175,-118.28986845637584
33.71,-118.28,6,33.71403333333333,-118.28433333333334
33.72,-118.33,2,33.72025,-118.32535
33.72,-118.32,23,33.719313043478266,-118.32031304347827
33.72,-118.31,59,33.720906779661014,-118.31020000000001
33.72,-118.3,136,33.72209191176471,-118.2989625
33.72,-118.29,197,33.72121675126904,-118.29038934010151
33.72,-118.28,48,33.717852083333334,-118.2829375
33.72,-118.27,7,33.7233,-118.26984285714286
33.73,-118.32,27,33.72822222222222,-118.32064074074073
33.73,-118.31,72,33.730451388888895,-118.30912916666665
33.73,-118.3,212,33.73055990566038,-118.29923490566037
33.73,-118.29,498,33.730393373493975,-118.28986606425703
33.73,-118.28,271,33.73147306273063,-118.28170553505535
33.73,-118.27,4,33.7264,-118.2712
33.73,-118.24,3,33.7315,-118.23989999999999
33.74,-118.32,44,33.741425,-118.31868181818182
33.74,-118.31,95,33.740753684210524,-118.30879157894736
33.74,-118.3,104,33.73841538461539,-118.30054615384614
33.74,-118.29,718,33.73958857938719,-118.29016030640668
33.74,-118.28,465,33.739917634408606,-118.281951827957
33.74,-118.27,8,33.7390375,-118.2694375
33.74,-118.26,16,33.74260625,-118.26141875
33.75,-118.32,6,33.7458,-118.31613333333333
33.75,-118.31,123,33.749959349593496,-118.30854471544714
33.75,-118.3,100,33.750731,-118.29945
33.75,-118.29,197,33.748077664974616,-118.29081675126903
33.75,-118.28,140,33.74737714285715,-118.28129857142856
33.75,-118.26,3,33.7515,-118.25903333333333
33.75,-118.25,8,33.751599999999996,-118.2498
33.76,-118.31,59,33.758105084745765,-118.30616779661017
33.76,-118.3,71,33.76033661971831,-118.2997338028169
33.76,-118.29,151,33.76024701986755,-118.29165231788079
33.76,-118.28,25,33.762884,-118.282736
33.76,-118.27,5,33.76112,-118.26825999999998
33.76,-118.26,3,33.7645,-118.2589
33.76,-118.25,7,33.7649,-118.2485
33.77,-118.31,5,33.7675,-118.30720000000001
33.77,-118.3,23,33.768721739130434,-118.29593913043477
33.77,-118.29,1,33.7655,-118.2938
33.77,-118.28,78,33.77386794871795,-118.27669102564101
33.77,-118.27,159,33.77328050314465,-118.27034213836478
33.77,-118.26,84,33.77273928571429,-118.26144761904763
33.77,-118.25,11,33.77031818181818,-118.25040909090909
33.77,-118.24,8,33.768075,-118.2411
33.78,-118.31,22,33.78052727272728,-118.30779090909091
33.78,-118.3,65,33.78271230769231,-118.30040769230769
33.78,-118.29,5,33.77938,-118.28889999999998
33.78,-118.28,133,33.779509774436086,-118.27765789473685
33.78,-118.27,472,33.78004872881356,-118.27004025423729
33.78,-118.26,442,33.78025294117647,-118.26174343891402
33.78,-118.25,179,33.78044245810056,-118.24900893854749
33.78,-118.24,36,33.78137777777778,-118.24110277777777
33.78,-118.23,36,33.78265555555556,-118.23138055555556
33.78,-118.22,1,33.7835,-118.2216
33.79,-118.31,68,33.79004117647059,-118.30734117647059
33.79,-118.3,377,33.78972838196287,-118.30129416445622
33.79,-118.29,221,33.792274208144796,-118.29158506787331
33.79,-118.28,285,33.789834385964916,-118.27998350877192
33.79,-118.27,266,33.790792481203006,-118.26977067669173
33.79,-118.26,167,33.79014910179641,-118.26081736526946
33.79,-118.25,174,33.78905459770115,-118.24875
33.79,-118.24,78,33.789146153846154,-118.24243333333332
33.79,-118.23,12,33.790866666666666,-118.22970833333333
33.8,-118.31,27,33.80053703703704,-118.30723333333334
33.8,-118.3,135,33.79838074074074,-118.30184
33.8,-118.29,38,33.79689736842105,-118.29152631578948
33.8,-118.28,45,33.79685777777778,-118.27793333333332
33.8,-118.27,42,33.79675952380952,-118.27035
33.8,-118.26,114,33.799319298245614,-118.26165
33.8,-118.25,2,33.7988,-118.2464
33.8,-118.24,20,33.79739,-118.23755000000001
33.8,-118.22,2,33.8046,-118.2226
33.81,-118.31,35,33.81047142857143,-118.30772285714286
33.81,-118.3,48,33.8108875,-118.30116666666667
33.82,-118.31,103,33.81912912621359,-118.30776893203883
33.82,-118.3,134,33.82125373134328,-118.30205970149254
33.82,-118.22,1,33.8243,-118.225
33.83,-118.31,84,33.83051428571429,-118.30678928571429
33.83,-118.3,100,33.830578,-118.302328
33.84,-118.31,97,33.84139587628866,-118.30726082474227
33.84,-118.3,78,33.84183717948718,-118.30276666666666
33.85,-118.31,35,33.84677142857143,-118.30701714285715
33.85,-118.3,127,33.85293779527559,-118.30004881889764
33.85,-118.29,58,33.85129827586207,-118.29154482758621
33.86,-118.31,19,33.85915263157895,-118.30805263157895
33.86,-118.3,123,33.859265853658535,-118.30058048780488
33.86,-118.29,100,33.86175,-118.290425
33.86,-118.28,2,33.863,-118.2816
33.87,-118.31,7,33.86555714285714,-118.3079857142857
33.87,-118.3,21,33.86906666666667,-118.29709523809524
33.87,-118.29,86,33.86987674418605,-118.28695
33.87,-118.28,21,33.8695,-118.28232380952382
33.88,-118.29,150,33.88112133333333,-118.28924533333334
33.88,-118.28,58,33.880822413793105,-118.28333793103448
33.89,-118.29,158,33.89021329113924,-118.28850696202532
33.89,-118.28,37,33.88997027027027,-118.28326486486488
33.9,-118.29,126,33.90137698412698,-118.28909444444444
33.9,-118.28,43,33.900632558139534,-118.2832465116279
33.91,-118.29,94,33.91094468085107,-118.28955531914893
33.91,-118.28,50,33.911952,-118.282652
33.92,-118.43,6,33.921083333333335,-118.42896666666667
33.92,-118.29,233,33.91953004291845,-118.2880660944206
33.92,-118.28,195,33.92059025641026,-118.28187487179487
33.92,-118.27,180,33.924099999999996,-118.27064833333334
33.92,-118.26,39,33.92383076923077,-118.25903846153847
33.92,-118.25,27,33.924,-118.25437407407408
33.93,-118.44,1,33.9309,-118.435
33.93,-118.43,35,33.93080571428571,-118.43444
33.93,-118.42,1,33.9313,-118.416
33.93,-118.41,11,33.9319,-118.4062
33.93,-118.4,6,33.93258333333333,-118.39836666666666
33.93,-118.38,62,33.930791935483875,-118.37846129032259
33.93,-118.37,39,33.93235641025641,-118.37158974358975
33.93,-118.29,224,33.92910178571429,-118.28847633928571
33.93,-118.28,465,33.93137612903226,-118.28007010752688
33.93,-118.27,773,33.93047606727038,-118.26905291073739
33.93,-118.26,288,33.93208194444444,-118.25991736111112
33.93,-118.25,478,33.93169079497908,-118.25040941422596
33.93,-118.24,205,33.93187268292683,-118.23924634146341
33.93,-118.23,232,33.93163448275862,-118.23282629310344
33.94,-118.44,31,33.93648064516129,-118.43857096774192
33.94,-118.43,2,33.9414,-118.4266
33.94,-118.42,5,33.941860000000005,-118.42174
33.94,-118.41,14,33.94225,-118.40912142857142
33.94,-118.4,302,33.94290728476821,-118.40299569536424
33.94,-118.39,14,33.94394285714286,-118.38716428571429
33.94,-118.38,14,33.941564285714286,-118.3771
33.94,-118.37,44,33.941311363636366,-118.37313863636363
33.94,-118.31,81,33.942292592592594,-118.31027530864196
33.94,-118.29,308,33.93901883116883,-118.28885909090909
33.94,-118.28,659,33.94033277693475,-118.279993323217
33.94,-118.27,686,33.94021413994169,-118.27002900874636
33.94,-118.26,370,33.93972378378378,-118.26102864864865
33.94,-118.25,512,33.939678125,-118.2509294921875
33.94,-118.24,431,33.940384918793505,-118.23980788863109
33.94,-118.23,186,33.94028494623656,-118.23269354838709
33.95,-118.45,6,33.95341666666666,-118.44678333333333
33.95,-118.44,56,33.954437500000004,-118.44126785714286
33.95,-118.43,2,33.95405,-118.43025
33.95,-118.42,4,33.9541,-118.421025
33.95,-118.41,1,33.9539,-118.4128
33.95,-118.4,693,33.94622438672439,-118.39976262626263
33.95,-118.39,523,33.94872122370937,-118.39057896749522
33.95,-118.38,224,33.94653169642857,-118.37980937500001
33.95,-118.37,148,33.946985810810816,-118.37350878378378
33.95,-118.32,31,33.95043225806452,-118.31658387096775
33.95,-118.31,291,33.950013058419245,-118.309206185567
33.95,-118.3,65,33.95068153846154,-118.30212769230769
33.95,-118.29,359,33.94907409470752,-118.28848635097492
33.95,-118.28,620,33.949337580645164,-118.28066983870967
33.95,-118.27,817,33.949417625459,-118.27024957160343
33.95,-118.26,315,33.95068126984127,-118.25958888888889
33.95,-118.25,359,33.949656545961005,-118.2478721448468
33.95,-118.24,428,33.949490654205604,-118.23984135514019
33.95,-118.23,243,33.94685637860083,-118.23145967078189
33.96,-118.45,98,33.95951836734694,-118.44852244897959
33.96,-118.44,158,33.95780949367089,-118.43845189873417
33.96,-118.43,216,33.95875509259259,-118.43035509259259
33.96,-118.42,178,33.95975224719101,-118.42018089887641
33.96,-118.41,54,33.96075925925926,-118.40964444444444
33.96,-118.4,233,33.958471673819744,-118.39898927038625
33.96,-118.39,190,33.958837894736845,-118.38934631578948
33.96,-118.38,237,33.958364556962024,-118.38179662447257
33.96,-118.37,5,33.9637,-118.37302
33.96,-118.32,50,33.959812,-118.316338
33.96,-118.31,390,33.96008512820513,-118.30937743589745
33.96,-118.3,356,33.961556741573034,-118.30070730337079
33.96,-118.29,630,33.96021619047619,-118.28944174603174
33.96,-118.28,781,33.96021293213828,-118.2809490396927
33.96,-118.27,877,33.960580159635114,-118.27006795895097
33.96,-118.26,572,33.96031503496503,-118.25973653846154
33.97,-118.46,104,33.971159615384614,-118.45893557692308
33.97,-118.45,2,33.9666,-118.4541
33.97,-118.44,3,33.96866666666667,-118.43806666666667
33.97,-118.43,96,33.97282916666666,-118.428525
33.97,-118.42,109,33.96932018348624,-118.42180458715596
33.97,-118.41,63,33.968585714285716,-118.41022380952381
33.97,-118.4,73,33.970641095890414,-118.39941780821917
33.97,-118.39,105,33.97115904761905,-118.38940952380952
33.97,-118.38,161,33.9694950310559,-118.37938633540374
33.97,-118.37,63,33.97117301587301,-118.37332698412698
33.97,-118.34,7,33.9745,-118.3352
33.97,-118.33,280,33.97316392857143,-118.32993821428572
33.97,-118.32,135,33.97264666666667,-118.31966592592592
33.97,-118.31,343,33.9708387755102,-118.30960408163264
33.97,-118.3,369,33.97047018970189,-118.30058238482384
33.97,-118.29,660,33.9700203030303,-118.28925257575756
33.97,-118.28,1031,33.96999776915616,-118.28175130940834
33.97,-118.27,795,33.97014905660377,-118.27026603773585
33.97,-118.26,442,33.969850452488686,-118.26066606334842
33.98,-118.47,234,33.981191025641024,-118.46769529914529
33.98,-118.46,131,33.98067709923664,-118.46315954198474
33.98,-118.44,128,33.98289609375,-118.4413484375
33.98,-118.43,69,33.97942753623188,-118.43031884057972
33.98,-118.42,175,33.97664685714286,-118.41797257142856
33.98,-118.41,215,33.98014046511628,-118.41144790697673
33.98,-118.4,107,33.97847476635514,-118.40023177570093
33.98,-118.39,87,33.97595172413793,-118.38885977011493
33.98,-118.38,106,33.9762716981132,-118.37918773584906
33.98,-118.37,265,33.97674981132076,-118.37196301886792
33.98,-118.36,17,33.982282352941176,-118.35850588235293
33.98,-118.35,40,33.9831175,-118.3491425
33.98,-118.34,117,33.98222905982906,-118.33747606837606
33.98,-118.33,742,33.980547708894875,-118.3307114555256
33.98,-118.32,238,33.979685714285715,-118.32057352941176
33.98,-118.31,357,33.97992380952381,-118.30991652661065
33.98,-118.3,368,33.97996820652174,-118.29983831521739
33.98,-118.29,685,33.97967372262774,-118.28946364963502
33.98,-118.28,748,33.979604812834225,-118.28088877005348
33.98,-118.27,528,33.980154545454546,-118.2704475378788
33.98,-118.26,100,33.980132,-118.261413
33.99,-118.48,369,33.99282195121951,-118.47729864498646
33.99,-118.47,666,33.9888542042042,-118.47111336336336
33.99,-118.46,294,33.99090510204082,-118.46056224489796
33.99,-118.45,373,33.99069597855228,-118.45009973190348
33.99,-118.44,408,33.98953970588235,-118.44105416666667
33.99,-118.43,112,33.990443750000004,-118.42897053571429
33.99,-118.42,249,33.99015582329317,-118.4202437751004
33.99,-118.41,202,33.99187425742574,-118.41082376237624
33.99,-118.4,25,33.986188,-118.402304
33.99,-118.35,82,33.98713292682927,-118.34882926829268
33.99,-118.34,107,33.98792897196262,-118.33830093457945
33.99,-118.33,365,33.989397808219174,-118.32949643835616
33.99,-118.32,354,33.99085169491526,-118.32032344632769
33.99,-118.31,545,33.99000532110092,-118.30986165137614
33.99,-118.3,577,33.98984644714038,-118.30022963604853
33.99,-118.29,906,33.98932240618101,-118.28990110375275
33.99,-118.28,623,33.989813964686995,-118.2803213483146
33.99,-118.27,651,33.990227496159754,-118.27072043010753
33.99,-118.26,356,33.99079915730337,-118.25965308988765
33.99,-118.25,242,33.992780578512395,-118.25025867768595
33.99,-118.24,132,33.99308106060606,-118.24198863636364
34.0,-118.48,200,33.9966235,-118.47872149999999
34.0,-118.47,363,33.99812892561983,-118.46980110192837
34.0,-118.46,244,33.99962254098361,-118.46053032786885
34.0,-118.45,177,33.99840169491525,-118.4496451977401
34.0,-118.44,225,33.99984488888889,-118.43884844444445
34.0,-118.43,142,34.0022176056338,-118.42969436619718
34.0,-118.42,147,33.998365306122444,-118.41990408163267
34.0,-118.41,154,33.99817532467532,-118.41209415584416
34.0,-118.4,35,33.99975428571428,-118.40280857142857
34.0,-118.36,21,34.002361904761905,-118.35740952380952
34.0,-118.35,25,34.004068000000004,-118.350368
34.0,-118.34,1,34.0047,-118.3413
34.0,-118.33,191,34.001110471204186,-118.3293434554974
34.0,-118.32,218,34.00072844036697,-118.32096697247707
34.0,-118.31,442,34.00004049773756,-118.30987262443439
34.0,-118.3,413,33.99978498789346,-118.29938692493947
34.0,-118.29,441,34.00009433106576,-118.28912653061225
34.0,-118.28,678,34.00006696165192,-118.28057168141592
34.0,-118.27,802,34.00009314214464,-118.27003279301746
34.0,-118.26,436,34.00068922018349,-118.25956467889908
34.0,-118.25,416,34.00000528846154,-118.25007139423077
34.0,-118.24,195,33.99943846153846,-118.24205897435897
34.01,-118.46,24,34.006025,-118.45800416666667
34.01,-118.45,70,34.00845,-118.44898285714285
34.01,-118.44,73,34.01048904109589,-118.43959452054793
34.01,-118.43,179,34.00909776536313,-118.42904134078212
34.01,-118.42,107,34.01077476635514,-118.42137850467289
34.01,-118.41,22,34.0149,-118.4139
34.01,-118.36,34,34.0124294117647,-118.35790882352941
34.01,-118.35,354,34.012327118644066,-118.34990734463277
34.01,-118.34,601,34.011653910149754,-118.3398628951747
34.01,-118.33,290,34.00875275862069,-118.32934793103449
34.01,-118.32,271,34.010326937269376,-118.3205815498155
34.01,-118.31,692,34.010764595375726,-118.31016242774567
34.01,-118.3,540,34.01025111111111,-118.29989907407408
34.01,-118.29,737,34.010018317503395,-118.29021004070556
34.01,-118.28,717,34.009247977684794,-118.28069902370991
34.01,-118.27,633,34.00977187993681,-118.26993680884675
34.01,-118.26,535,34.010211401869164,-118.2594568224299
34.01,-118.25,410,34.00911073170732,-118.25025341463414
34.01,-118.24,93,34.009192473118276,-118.24270322580647
34.01,-118.23,3,34.01463333333333,-118.2303
34.01,-118.21,12,34.01425,-118.20662499999999
34.01,-118.2,25,34.014384,-118.200684
34.01,-118.19,1,34.0138,-118.1922
34.02,-118.45,31,34.0244,-118.44613870967743
34.02,-118.44,134,34.02065447761194,-118.4395119402985
34.02,-118.43,140,34.020511428571425,-118.43012357142857
34.02,-118.42,267,34.01957940074906,-118.42011985018726
34.02,-118.41,376,34.021442287234045,-118.40972340425533
34.02,-118.4,186,34.022433870967745,-118.40191075268817
34.02,-118.38,18,34.020538888888886,-118.37821666666666
34.02,-118.37,281,34.022953380782916,-118.36983167259787
34.02,-118.36,179,34.02040446927374,-118.35838268156425
34.02,-118.35,1028,34.018353112840465,-118.3497024319066
34.02,-118.34,274,34.02013102189781,-118.33976094890511
34.02,-118.33,202,34.02007920792079,-118.33109603960395
34.02,-118.32,144,34.02090347222222,-118.31989305555557
34.02,-118.31,375,34.02024613333334,-118.30961733333334
34.02,-118.3,604,34.01960149006622,-118.29998410596028
34.02,-118.29,653,34.0208808575804,-118.28968514548238
34.02,-118.28,585,34.02011487179487,-118.28041042735042
34.02,-118.27,547,34.02054844606947,-118.27049597806216
34.02,-118.26,641,34.02038237129485,-118.25976193447738
34.02,-118.25,508,34.02040787401575,-118.2507094488189
34.02,-118.24,402,34.02151194029851,-118.24185298507463
34.02,-118.23,106,34.02081037735849,-118.2311396226415
34.02,-118.22,293,34.022148122866895,-118.21906587030718
34.02,-118.21,400,34.02090925,-118.2093185
34.02,-118.2,269,34.020317472118954,-118.2008033457249
34.02,-118.19,71,34.02161549295775,-118.19374225352112
34.03,-118.53,13,34.031992307692306,-118.5269
34.03,-118.52,53,34.02985094339623,-118.51798867924529
34.03,-118.51,17,34.032264705882355,-118.51272941176471
34.03,-118.46,34,34.03295294117647,-118.45676764705883
34.03,-118.45,344,34.03189563953489,-118.44983953488372
34.03,-118.44,216,34.030884722222225,-118.44060972222222
34.03,-118.43,223,34.02975739910314,-118.429832735426
34.03,-118.42,195,34.02874153846154,-118.41927538461537
34.03,-118.41,405,34.02841234567901,-118.40984888888889
34.03,-118.4,419,34.029194033412885,-118.39972887828162
34.03,-118.39,247,34.0309947368421,-118.39063886639676
34.03,-118.38,117,34.03308974358974,-118.38058888888888
34.03,-118.37,249,34.02940522088353,-118.3697546184739
34.03,-118.36,300,34.029820666666666,-118.359905
34.03,-118.35,277,34.02969711191336,-118.35064548736462
34.03,-118.34,444,34.030276576576576,-118.33940315315316
34.03,-118.33,351,34.03026467236467,-118.33025555555555
34.03,-118.32,391,34.029845780051154,-118.32095012787723
34.03,-118.31,412,34.030729126213586,-118.30990436893204
34.03,-118.3,472,34.031316525423726,-118.30007987288135
34.03,-118.29,730,34.029331369863016,-118.2898094520548
34.03,-118.28,857,34.02933045507584,-118.28015367561261
34.03,-118.27,817,34.029172460220316,-118.27009314565484
34.03,-118.26,749,34.03049986648865,-118.26036675567423
34.03,-118.25,537,34.030571508379886,-118.25098212290503
34.03,-118.24,298,34.031292617449665,-118.24095906040269
34.03,-118.23,275,34.03098181818182,-118.231528
34.03,-118.22,283,34.029783038869255,-118.21947491166078
34.03,-118.21,270,34.03063777777778,-118.21019222222222
34.03,-118.2,473,34.02935708245243,-118.199655602537
34.03,-118.19,41,34.03226585365854,-118.19403658536585
34.04,-118.56,50,34.040718,-118.55840599999999
34.04,-118.55,46,34.041223913043474,-118.55063260869565
34.04,-118.54,73,34.04041369863013,-118.54023561643837
34.04,-118.53,45,34.041086666666665,-118.52924222222221
34.04,-118.52,35,34.04051142857143,-118.52011714285715
34.04,-118.51,19,34.03947894736842,-118.51085263157896
34.04,-118.49,1,34.0449,-118.4861
34.04,-118.48,4,34.04375,-118.48385
34.04,-118.47,190,34.04206157894737,-118.46761789473683
34.04,-118.46,719,34.04121599443672,-118.45911849791376
34.04,-118.45,270,34.041347037037035,-118.44977481481482
34.04,-118.44,546,34.03899120879121,-118.43908443223444
34.04,-118.43,228,34.03970219298245,-118.43055219298246
34.04,-118.42,106,34.040184905660375,-118.42108490566038
34.04,-118.41,88,34.03926818181819,-118.41047954545455
34.04,-118.4,55,34.03939090909091,-118.39961454545454
34.04,-118.39,154,34.039681168831166,-118.38897272727273
34.04,-118.38,465,34.04126193548387,-118.380711827957
34.04,-118.37,194,34.039067010309275,-118.37103092783505
34.04,-118.36,274,34.03948905109489,-118.36011605839415
34.04,-118.35,369,34.04021382113822,-118.3492921409214
34.04,-118.34,442,34.04082805429864,-118.34027918552037
34.04,-118.33,229,34.04063187772926,-118.32917772925765
34.04,-118.32,305,34.040126885245904,-118.32040327868852
34.04,-118.31,450,34.04067666666667,-118.30998755555557
34.04,-118.3,371,34.04048679245283,-118.29994663072776
34.04,-118.29,453,34.040686313465784,-118.28924569536423
34.04,-118.28,581,34.04073614457832,-118.2799148020654
34.04,-118.27,987,34.04005258358663,-118.26817497467071
34.04,-118.26,2071,34.04112607436021,-118.26003046837276
34.04,-118.25,2056,34.04227383268482,-118.24934975680934
34.04,-118.24,1367,34.04168485735187,-118.24173972201902
34.04,-118.23,459,34.04007777777778,-118.23197668845316
34.04,-118.22,361,34.039852354570634,-118.2193409972299
34.04,-118.21,618,34.04173252427184,-118.20973398058253
34.04,-118.2,254,34.04002755905512,-118.19992755905511
34.04,-118.19,35,34.040905714285714,-118.1935542857143
34.05,-118.57,3,34.04676666666666,-118.56670000000001
34.05,-118.56,41,34.0460243902439,-118.55913414634146
34.05,-118.55,11,34.048590909090905,-118.54915454545454
34.05,-118.54,32,34.048309375,-118.5407625
34.05,-118.53,48,34.047599999999996,-118.52885624999999
34.05,-118.52,52,34.04796730769231,-118.52181730769232
34.05,-118.51,25,34.050336,-118.512196
34.05,-118.5,17,34.05324705882353,-118.49968823529412
34.05,-118.49,52,34.05176153846154,-118.48998653846154
34.05,-118.48,111,34.04829009009009,-118.47717747747747
34.05,-118.47,280,34.05018285714286,-118.46814892857144
34.05,-118.46,438,34.04939086757991,-118.46140022831051
34.05,-118.45,337,34.04717774480712,-118.44960979228486
34.05,-118.44,439,34.050119134396354,-118.44050569476082
34.05,-118.43,230,34.05032347826087,-118.43164086956521
34.05,-118.42,168,34.0496005952381,-118.4202226190476
34.05,-118.41,37,34.05118918918919,-118.41224864864866
34.05,-118.4,69,34.05084057971014,-118.39898550724638
34.05,-118.39,129,34.050776744186045,-118.38941162790698
34.05,-118.38,376,34.05107207446809,-118.38000372340426
34.05,-118.37,355,34.0501061971831,-118.37021999999999
34.05,-118.36,294,34.050198299319725,-118.36031292517006
34.05,-118.35,399,34.04934235588972,-118.34994561403508
34.05,-118.34,516,34.04939360465116,-118.34104224806201
34.05,-118.33,354,34.0495406779661,-118.33033050847457
34.05,-118.32,614,34.04952410423453,-118.32097605863191
34.05,-118.31,811,34.04965709001233,-118.30978212083846
34.05,-118.3,579,34.050848013816925,-118.3000932642487
34.05,-118.29,888,34.049796058558556,-118.2898115990991
34.05,-118.28,1008,34.05079732142857,-118.27942033730159
34.05,-118.27,1142,34.050261996497376,-118.26951584938703
34.05,-118.26,3354,34.04894525939177,-118.25974654144305
34.05,-118.25,3605,34.048217697642166,-118.25022160887656
34.05,-118.24,1409,34.04883328601846,-118.24126408800568
34.05,-118.23,420,34.04974142857143,-118.23180095238096
34.05,-118.22,401,34.048985286783044,-118.21908952618453
34.05,-118.21,436,34.0488502293578,-118.20955573394495
34.05,-118.2,389,34.049497686375325,-118.20043598971722
34.05,-118.19,63,34.04940793650794,-118.19361746031747
34.06,-118.55,41,34.05645853658537,-118.55078536585366
34.06,-118.54,10,34.05768,-118.54377
34.06,-118.51,1,34.0612,-118.5054
34.06,-118.5,13,34.059976923076924,-118.50116923076924
34.06,-118.49,10,34.06071,-118.48978
34.06,-118.48,57,34.05965964912281,-118.48028596491228
34.06,-118.47,116,34.060566379310345,-118.46959913793104
34.06,-118.46,64,34.057853125,-118.463553125
34.06,-118.45,182,34.06223736263736,-118.44686813186814
34.06,-118.44,484,34.060312809917356,-118.44178636363637
34.06,-118.43,210,34.05952809523809,-118.42986
34.06,-118.42,602,34.0604792358804,-118.4188865448505
34.06,-118.41,18,34.0564,-118.41133333333333
34.06,-118.4,79,34.05617848101266,-118.39817594936707
34.06,-118.39,109,34.055855963302754,-118.39041559633027
34.06,-118.38,364,34.058842032967036,-118.37970384615384
34.06,-118.37,227,34.058659911894274,-118.3693973568282
34.06,-118.36,354,34.060383333333334,-118.36007062146892
34.06,-118.35,457,34.061983369803066,-118.34884398249453
34.06,-118.34,363,34.06077162534435,-118.34080275482094
34.06,-118.33,196,34.0586693877551,-118.32848112244899
34.06,-118.32,258,34.05949573643411,-118.32020813953488
34.06,-118.31,1044,34.059548850574714,-118.30947710727969
34.06,-118.3,1411,34.060471651311126,-118.30003090007087
34.06,-118.29,1153,34.05971118820469,-118.28984735472682
34.06,-118.28,1489,34.05980100738751,-118.2798774345198
34.06,-118.27,1560,34.058736153846155,-118.2707960897436
34.06,-118.26,931,34.06029785177228,-118.26088796992481
34.06,-118.25,732,34.059727049180324,-118.24985532786886
34.06,-118.24,1246,34.05909325842697,-118.23934951845906
34.06,-118.23,308,34.05991818181818,-118.23167305194806
34.06,-118.22,32,34.057834375,-118.21994687499999
34.06,-118.21,254,34.05921496062992,-118.20984094488189
34.06,-118.2,220,34.06000954545454,-118.19982727272728
34.06,-118.19,69,34.05988115942029,-118.19225507246377
34.06,-118.18,73,34.06353287671233,-118.1801493150685
34.06,-118.17,15,34.06362,-118.17387333333333
34.07,-118.56,14,34.071242857142856,-118.56127142857143
34.07,-118.55,9,34.0708,-118.55040000000001
34.07,-118.5,6,34.071783333333336,-118.50036666666666
34.07,-118.49,21,34.07004285714286,-118.48874761904761
34.07,-118.48,32,34.070509375,-118.478475
34.07,-118.47,53,34.06954528301887,-118.46870188679245
34.07,-118.46,70,34.07062857142857,-118.46028285714287
34.07,-118.45,141,34.06780141843972,-118.45141631205675
34.07,-118.44,31,34.06772258064516,-118.4379064516129
34.07,-118.43,81,34.069266666666664,-118.42920493827161
34.07,-118.42,3,34.06583333333334,-118.4239
34.07,-118.39,32,34.073478125,-118.387715625
34.07,-118.38,304,34.07284144736842,-118.37857335526314
34.07,-118.37,458,34.07091419213974,-118.36954104803493
34.07,-118.36,784,34.07216364795919,-118.35780280612245
34.07,-118.35,645,34.06860992248062,-118.34836852713178
34.07,-118.34,172,34.07101569767442,-118.34160348837209
34.07,-118.33,69,34.06934202898551,-118.32874782608695
34.07,-118.32,271,34.06967822878229,-118.31837269372693
34.07,-118.31,840,34.068977976190475,-118.30955535714287
34.07,-118.3,1120,34.069359999999996,-118.29958500000001
34.07,-118.29,1223,34.06921790678659,-118.29000547833198
34.07,-118.28,762,34.06973687664042,-118.28028123359582
34.07,-118.27,695,34.068987194244606,-118.26979611510792
34.07,-118.26,318,34.07057641509434,-118.26038867924528
34.07,-118.25,523,34.069958317399625,-118.24930745697897
34.07,-118.24,148,34.066828378378375,-118.24114054054054
34.07,-118.23,182,34.068187912087915,-118.23113021978021
34.07,-118.22,295,34.07000338983051,-118.2187538983051
34.07,-118.21,268,34.06986716417911,-118.2108343283582
34.07,-118.2,144,34.070179861111114,-118.20103194444444
34.07,-118.19,103,34.06811359223301,-118.18945825242719
34.07,-118.18,113,34.07046725663717,-118.17878230088496
34.07,-118.17,100,34.071007,-118.17158300000001
34.07,-118.16,31,34.07258387096774,-118.16347741935485
34.08,-118.57,1,34.0781,-118.5679
34.08,-118.56,7,34.0769,-118.56222857142858
34.08,-118.55,1,34.0775,-118.5491
34.08,-118.52,1,34.0816,-118.5205
34.08,-118.51,7,34.081385714285716,-118.5077
34.08,-118.5,10,34.07884,-118.50141
34.08,-118.49,10,34.08101,-118.48787
34.08,-118.48,17,34.07895882352941,-118.48140588235295
34.08,-118.47,39,34.07825641025641,-118.46891794871794
34.08,-118.46,25,34.079508000000004,-118.46108
34.08,-118.45,14,34.0809,-118.45083571428572
34.08,-118.44,23,34.07973043478261,-118.43827826086955
34.08,-118.43,22,34.08079090909091,-118.43220000000001
34.08,-118.39,37,34.075227027027026,-118.38842162162163
34.08,-118.38,415,34.07707614457831,-118.37801325301206
34.08,-118.37,405,34.079512345679014,-118.37044049382716
34.08,-118.36,529,34.080350850661624,-118.35942419659735
34.08,-118.35,377,34.08186100795756,-118.34989098143237
34.08,-118.34,293,34.0809023890785,-118.3412470989761
34.08,-118.33,188,34.08145319148936,-118.32840957446807
34.08,-118.32,325,34.07977446153846,-118.32002153846153
34.08,-118.31,605,34.080204628099175,-118.30978099173554
34.08,-118.3,590,34.079546101694916,-118.29975084745763
34.08,-118.29,548,34.07932810218978,-118.28989215328467
34.08,-118.28,461,34.0795125813449,-118.27979479392624
34.08,-118.27,420,34.07996142857143,-118.26962452380953
34.08,-118.26,485,34.07974494845361,-118.25990783505155
34.08,-118.25,135,34.08001481481481,-118.25214962962963
34.08,-118.24,32,34.082131249999996,-118.237946875
34.08,-118.23,31,34.07864838709678,-118.23092580645161
34.08,-118.22,391,34.07914296675192,-118.21938516624041
34.08,-118.21,196,34.07860867346939,-118.21141530612245
34.08,-118.2,109,34.08044770642202,-118.2002
34.08,-118.19,96,34.080277083333335,-118.19138854166665
34.08,-118.18,131,34.08085648854962,-118.18019465648855
34.08,-118.17,158,34.08023670886076,-118.17062721518987
34.08,-118.16,35,34.08130571428572,-118.16331142857143
34.09,-118.57,5,34.0921,-118.5682
34.09,-118.53,14,34.0889,-118.5325
34.09,-118.51,6,34.0949,-118.5111
34.09,-118.5,1,34.0926,-118.5037
34.09,-118.48,2,34.0886,-118.4764
34.09,-118.47,21,34.087066666666665,-118.47238095238096
34.09,-118.46,19,34.0904,-118.45862631578949
34.09,-118.45,17,34.08826470588235,-118.44900588235294
34.09,-118.44,7,34.090985714285715,-118.44092857142857
34.09,-118.43,11,34.091418181818185,-118.43101818181817
34.09,-118.42,3,34.09473333333333,-118.42020000000001
34.09,-118.39,26,34.09243461538462,-118.38923076923076
34.09,-118.38,93,34.0874688172043,-118.3767247311828
34.09,-118.37,39,34.0864282051282,-118.3713358974359
34.09,-118.36,94,34.08858297872341,-118.36043723404256
34.09,-118.35,185,34.089686486486485,-118.34943513513512
34.09,-118.34,620,34.09055838709677,-118.33926903225806
34.09,-118.33,641,34.09040920436818,-118.32976209048363
34.09,-118.32,581,34.09096557659208,-118.32091549053357
34.09,-118.31,741,34.090170310391365,-118.31022564102564
34.09,-118.3,583,34.08970857632933,-118.3002898799314
34.09,-118.29,571,34.09079124343257,-118.28992521891419
34.09,-118.28,381,34.090134645669295,-118.2802532808399
34.09,-118.27,214,34.089728971962614,-118.27129112149532
34.09,-118.26,183,34.089450273224045,-118.2606781420765
34.09,-118.25,119,34.090189915966384,-118.2508462184874
34.09,-118.24,59,34.09098813559322,-118.23934745762712
34.09,-118.23,248,34.08896370967742,-118.22802782258066
34.09,-118.22,195,34.08867897435898,-118.22064307692307
34.09,-118.21,216,34.09053101851852,-118.21044074074074
34.09,-118.2,60,34.091136666666664,-118.201585
34.09,-118.19,155,34.08786193548387,-118.1882264516129
34.09,-118.18,122,34.08749344262296,-118.17876967213115
34.09,-118.17,180,34.08900722222222,-118.1698938888889
34.09,-118.16,104,34.090481730769234,-118.16277403846154
34.1,-118.49,15,34.10348666666666,-118.49112666666666
34.1,-118.47,30,34.101483333333334,-118.46954000000001
34.1,-118.46,26,34.099392307692305,-118.45939615384616
34.1,-118.45,24,34.098441666666666,-118.4489
34.1,-118.44,7,34.10012857142857,-118.44097142857143
34.1,-118.43,17,34.1008,-118.43348823529412
34.1,-118.42,36,34.09871944444444,-118.4214361111111
34.1,-118.41,2,34.1032,-118.4058
34.1,-118.4,11,34.0991,-118.40213636363637
34.1,-118.39,45,34.09844222222222,-118.38838888888888
34.1,-118.38,98,34.099902040816325,-118.37858775510205
34.1,-118.37,155,34.09899161290323,-118.36752258064516
34.1,-118.36,284,34.098677464788736,-118.35926584507041
34.1,-118.35,784,34.099689285714284,-118.34876224489797
34.1,-118.34,1759,34.10061102899375,-118.33958294485502
34.1,-118.33,2030,34.1006448275862,-118.33034684729064
34.1,-118.32,1176,34.100768877551026,-118.32102967687077
34.1,-118.31,988,34.099751720647774,-118.30988674089069
34.1,-118.3,884,34.100394117647056,-118.30114524886878
34.1,-118.29,533,34.099173545966224,-118.29020300187618
34.1,-118.28,229,34.0989711790393,-118.28115240174672
34.1,-118.27,110,34.10035181818182,-118.26962272727272
34.1,-118.26,125,34.100928,-118.2588264
34.1,-118.25,128,34.10062890625,-118.2508203125
34.1,-118.24,98,34.1012306122449,-118.23873673469387
34.1,-118.23,176,34.09926363636364,-118.23101874999999
34.1,-118.22,59,34.09658813559322,-118.21854237288136
34.1,-118.21,126,34.09785158730159,-118.20817857142858
34.1,-118.2,110,34.10246909090909,-118.20097
34.1,-118.19,39,34.09979487179487,-118.1891
34.1,-118.18,89,34.10101235955056,-118.18340337078651
34.1,-118.17,20,34.09673,-118.16883
34.1,-118.16,24,34.09684166666667,-118.15929999999999
34.11,-118.5,1,34.1053,-118.5032
34.11,-118.49,4,34.106475,-118.491525
34.11,-118.48,3,34.109700000000004,-118.4781
34.11,-118.47,4,34.108850000000004,-118.4696
34.11,-118.46,8,34.109125,-118.46424999999999
34.11,-118.45,10,34.109030000000004,-118.44685999999999
34.11,-118.44,19,34.1107,-118.44099999999999
34.11,-118.43,5,34.111219999999996,-118.43162
34.11,-118.42,16,34.11088125,-118.423475
34.11,-118.41,8,34.1090875,-118.4056875
34.11,-118.4,8,34.112775,-118.4028625
34.11,-118.39,19,34.110484210526316,-118.3883894736842
34.11,-118.38,27,34.1105,-118.37972592592592
34.11,-118.37,47,34.109929787234044,-118.36897659574468
34.11,-118.36,57,34.11264035087719,-118.36123684210527
34.11,-118.35,20,34.107350000000004,-118.34693
34.11,-118.34,205,34.108186341463416,-118.33814243902438
34.11,-118.33,324,34.10791327160494,-118.33020833333335
34.11,-118.32,299,34.107822073578596,-118.32096153846153
34.11,-118.31,71,34.107419718309856,-118.30968169014085
34.11,-118.3,161,34.1081950310559,-118.29893291925465
34.11,-118.29,244,34.1084881147541,-118.28875983606557
34.11,-118.28,215,34.110458604651164,-118.27844930232558
34.11,-118.27,209,34.110553588516744,-118.26931866028708
34.11,-118.26,157,34.10896751592357,-118.25929681528663
34.11,-118.25,196,34.1113612244898,-118.25013877551021
34.11,-118.24,163,34.11013190184049,-118.23927300613497
34.11,-118.23,80,34.10866125,-118.23137625
34.11,-118.22,28,34.11214285714286,-118.21897142857142
34.11,-118.21,102,34.110164705882354,-118.20840490196078
34.11,-118.2,290,34.10880620689655,-118.19945999999999
34.11,-118.19,267,34.1105074906367,-118.19107003745319
34.11,-118.18,130,34.111200000000004,-118.18129307692308
34.11,-118.17,1,34.1149,-118.1749
34.12,-118.48,5,34.12034,-118.4807
34.12,-118.47,12,34.120825,-118.47009166666668
34.12,-118.46,4,34.121,-118.4639
34.12,-118.45,13,34.12258461538461,-118.44743076923078
34.12,-118.44,8,34.1203625,-118.43945
34.12,-118.43,18,34.12045555555555,-118.42934999999999
34.12,-118.42,5,34.1177,-118.42228
34.12,-118.41,4,34.120425,-118.410875
34.12,-118.4,22,34.11987272727273,-118.39962727272727
34.12,-118.39,13,34.11863846153846,-118.38943846153846
34.12,-118.38,18,34.11938888888889,-118.38064444444444
34.12,-118.37,23,34.11808260869565,-118.37064782608695
34.12,-118.36,33,34.12112727272727,-118.35881818181818
34.12,-118.35,43,34.12063488372093,-118.34892790697674
34.12,-118.34,42,34.11879285714286,-118.33934523809523
34.12,-118.33,13,34.11695384615385,-118.32736923076922
34.12,-118.32,165,34.12028121212121,-118.31778242424241
34.12,-118.31,39,34.117941025641024,-118.30981794871796
34.12,-118.3,74,34.11933378378378,-118.30036486486485
34.12,-118.29,43,34.118176744186044,-118.2915
34.12,-118.28,34,34.11686176470589,-118.27920882352942
34.12,-118.27,115,34.12038956521739,-118.2707652173913
34.12,-118.26,187,34.119581283422455,-118.26221229946525
34.12,-118.25,67,34.11802835820896,-118.24926268656716
34.12,-118.24,170,34.118577058823526,-118.24069588235295
34.12,-118.23,222,34.119838288288285,-118.22971576576577
34.12,-118.22,118,34.12133898305085,-118.21997372881356
34.12,-118.21,132,34.11997348484849,-118.20987575757576
34.12,-118.2,192,34.120118229166664,-118.20034583333334
34.12,-118.19,189,34.11917037037037,-118.18968624338623
34.12,-118.18,232,34.11876465517241,-118.18212931034483
34.12,-118.17,72,34.119570833333334,-118.17229305555556
34.13,-118.55,2,34.131249999999994,-118.55305000000001
34.13,-118.51,3,34.129466666666666,-118.50933333333334
34.13,-118.5,27,34.13108888888889,-118.4991
34.13,-118.49,19,34.131205263157895,-118.4906105263158
34.13,-118.48,15,34.13113333333333,-118.47997333333333
34.13,-118.47,16,34.130925,-118.46968125
34.13,-118.46,11,34.13203636363637,-118.46182727272726
34.13,-118.45,16,34.12773125,-118.4461375
34.13,-118.44,7,34.129985714285716,-118.44434285714286
34.13,-118.43,15,34.1289,-118.43024
34.13,-118.42,29,34.12996896551724,-118.42119655172414
34.13,-118.41,6,34.13151666666666,-118.40876666666666
34.13,-118.4,37,34.1325,-118.3974
34.13,-118.39,15,34.130586666666666,-118.38948
34.13,-118.38,32,34.129234374999996,-118.38066875
34.13,-118.37,34,34.131817647058824,-118.37076764705883
34.13,-118.36,74,34.131364864864864,-118.35976621621622
34.13,-118.35,113,34.13013097345133,-118.34965752212389
34.13,-118.34,82,34.130799999999994,-118.3416243902439
34.13,-118.33,42,34.1267,-118.32800238095238
34.13,-118.32,14,34.12769285714286,-118.31990714285713
34.13,-118.28,68,34.13194117647059,-118.27948088235294
34.13,-118.27,78,34.132103846153846,-118.27039358974359
34.13,-118.26,34,34.12597941176471,-118.2635
34.13,-118.24,2,34.1326,-118.2351
34.13,-118.23,74,34.12797432432433,-118.23026081081082
34.13,-118.22,93,34.12987956989247,-118.21858494623656
34.13,-118.21,66,34.131099999999996,-118.21027424242425
34.13,-118.2,99,34.13135555555556,-118.19852626262626
34.13,-118.19,109,34.130484403669726,-118.19105229357797
34.13,-118.18,4,34.126425,-118.18265
34.13,-118.17,1,34.1266,-118.1711
34.14,-118.6,2,34.1444,-118.5962
34.14,-118.57,2,34.1399,-118.5665
34.14,-118.56,20,34.140544999999996,-118.56085
34.14,-118.55,12,34.1391,-118.55191666666667
34.14,-118.53,24,34.143425,-118.53025416666667
34.14,-118.52,4,34.1424,-118.525
34.14,-118.51,19,34.1413,-118.506
34.14,-118.5,40,34.13951,-118.50003999999998
34.14,-118.49,26,34.14027307692308,-118.49062692307692
34.14,-118.48,29,34.13961379310345,-118.47974137931034
34.14,-118.47,30,34.139903333333336,-118.47064999999999
34.14,-118.46,33,34.13865757575757,-118.46098787878788
34.14,-118.45,31,34.14095161290323,-118.44950645161289
34.14,-118.44,25,34.141736,-118.438692
34.14,-118.43,38,34.141389473684214,-118.43052631578946
34.14,-118.42,38,34.13941578947369,-118.42062894736843
34.14,-118.41,124,34.14314435483871,-118.40809758064516
34.14,-118.4,165,34.14301393939394,-118.39796181818183
34.14,-118.39,143,34.14128671328671,-118.39093706293706
34.14,-118.38,100,34.140007,-118.380208
34.14,-118.37,367,34.14127438692098,-118.37040653950955
34.14,-118.36,172,34.13883604651163,-118.3618773255814
34.14,-118.34,97,34.137830927835054,-118.34172474226804
34.14,-118.29,26,34.13774615384615,-118.29021153846155
34.14,-118.28,6,34.1354,-118.282
34.14,-118.27,37,34.13790810810811,-118.26973243243242
34.14,-118.23,47,34.1419914893617,-118.22680425531915
34.14,-118.22,202,34.14088712871287,-118.22043663366337
34.14,-118.21,138,34.138289855072465,-118.21055724637681
34.14,-118.2,104,34.139827884615386,-118.19974423076923
34.14,-118.19,127,34.138978740157484,-118.18942362204724
34.14,-118.18,6,34.141,-118.18268333333333
34.15,-118.63,42,34.15378571428572,-118.63139285714286
34.15,-118.62,21,34.15039523809524,-118.62083333333332
34.15,-118.61,24,34.15213333333333,-118.60770416666666
34.15,-118.6,50,34.150832,-118.600344
34.15,-118.59,20,34.150795,-118.59034
34.15,-118.58,8,34.1520125,-118.57875
34.15,-118.57,4,34.152475,-118.5729
34.15,-118.56,32,34.15070625,-118.561175
34.15,-118.55,29,34.149886206896554,-118.54909310344827
34.15,-118.54,26,34.150815384615385,-118.54065769230769
34.15,-118.53,23,34.149278260869565,-118.52760869565218
34.15,-118.52,20,34.150054999999995,-118.521175
34.15,-118.51,36,34.150444444444446,-118.50818333333333
34.15,-118.5,71,34.150147887323946,-118.49961408450703
34.15,-118.49,35,34.150037142857144,-118.48893714285714
34.15,-118.48,27,34.150340740740745,-118.47858148148147
34.15,-118.47,130,34.15141230769231,-118.4680723076923
34.15,-118.46,224,34.152165625,-118.46022991071428
34.15,-118.45,366,34.15212595628415,-118.45008306010929
34.15,-118.44,335,34.15013253731343,-118.4400871641791
34.15,-118.43,270,34.1497737037037,-118.43046296296296
34.15,-118.42,178,34.149998876404496,-118.41985786516854
34.15,-118.41,196,34.149718877551024,-118.40955918367347
34.15,-118.4,130,34.14920923076923,-118.3988676923077
34.15,-118.39,215,34.148166046511626,-118.38878186046512
34.15,-118.38,110,34.14954636363636,-118.37926272727273
34.15,-118.37,291,34.149561168384885,-118.36962714776634
34.15,-118.36,178,34.15055617977528,-118.36157696629215
34.15,-118.35,45,34.15054,-118.35178444444443
34.15,-118.33,12,34.149033333333335,-118.32998333333332
34.15,-118.32,3,34.15246666666667,-118.318
34.15,-118.31,18,34.15355555555555,-118.30960555555556
34.15,-118.3,6,34.1498,-118.30040000000001
34.15,-118.29,27,34.1548,-118.294
34.15,-118.28,8,34.1512125,-118.2785375
34.15,-118.27,9,34.14966666666666,-118.27400000000002
34.15,-118.23,1,34.1455,-118.228
34.15,-118.2,3,34.145,-118.1986
34.15,-118.19,1,34.1455,-118.1927
34.16,-118.64,13,34.16269230769231,-118.64176153846152
34.16,-118.63,64,34.161546875,-118.629271875
34.16,-118.62,64,34.1586078125,-118.62203125
34.16,-118.61,41,34.15949024390244,-118.60899024390244
34.16,-118.6,79,34.16044810126582,-118.59970632911393
34.16,-118.59,64,34.1604734375,-118.5902671875
34.16,-118.58,47,34.16037234042553,-118.5802914893617
34.16,-118.57,39,34.15991794871795,-118.57058717948719
34.16,-118.56,46,34.159963043478264,-118.55888043478261
34.16,-118.55,20,34.160185,-118.55019
34.16,-118.54,35,34.159800000000004,-118.53979428571428
34.16,-118.53,97,34.16069690721649,-118.5282268041237
34.16,-118.52,149,34.16185906040268,-118.52140000000001
34.16,-118.51,82,34.160851219512196,-118.50977682926829
34.16,-118.5,105,34.16036476190476,-118.49961238095239
34.16,-118.49,175,34.16006685714286,-118.49106
34.16,-118.48,169,34.159555029585796,-118.47849881656806
34.16,-118.47,173,34.15852427745664,-118.46924393063583
34.16,-118.46,270,34.1596937037037,-118.46028555555556
34.16,-118.45,177,34.16041355932204,-118.45007344632769
34.16,-118.44,432,34.15911550925926,-118.43985208333334
34.16,-118.43,122,34.16018196721311,-118.42940491803279
34.16,-118.42,132,34.15964621212121,-118.42080681818182
34.16,-118.41,211,34.16066350710901,-118.41010473933649
34.16,-118.4,248,34.16126290322581,-118.39918911290322
34.16,-118.39,240,34.160727083333335,-118.39113958333334
34.16,-118.38,307,34.16168143322476,-118.37899087947883
34.16,-118.37,837,34.161789964157705,-118.3708724014337
34.16,-118.36,115,34.16136434782609,-118.36211391304347
34.16,-118.35,11,34.15719090909091,-118.35284545454546
34.16,-118.31,1,34.155,-118.3109
34.16,-118.3,5,34.1586,-118.29662
34.16,-118.29,1,34.1553,-118.2939
34.17,-118.66,3,34.17253333333333,-118.65583333333332
34.17,-118.65,36,34.169783333333335,-118.64951111111112
34.17,-118.64,51,34.169745098039215,-118.64008823529413
34.17,-118.63,66,34.16762121212121,-118.62883181818182
34.17,-118.62,166,34.16899457831325,-118.6190596385542
34.17,-118.61,199,34.16998391959799,-118.60856733668342
34.17,-118.6,252,34.1698623015873,-118.60033849206349
34.17,-118.59,270,34.16773185185185,-118.58803814814814
34.17,-118.58,160,34.16837875,-118.581025
34.17,-118.57,110,34.17049090909091,-118.56986545454545
34.17,-118.56,104,34.171358653846156,-118.55864038461537
34.17,-118.55,138,34.17086521739131,-118.55103405797101
34.17,-118.54,415,34.17090891566265,-118.53911228915662
34.17,-118.53,236,34.171115254237286,-118.53073474576271
34.17,-118.52,429,34.1688324009324,-118.52164265734267
34.17,-118.51,237,34.168424894514764,-118.51000253164558
34.17,-118.5,88,34.17058295454545,-118.50092159090909
34.17,-118.49,1,34.1669,-118.4923
34.17,-118.48,16,34.17115,-118.477025
34.17,-118.47,229,34.170449781659386,-118.46614803493449
34.17,-118.46,227,34.17002863436123,-118.45872026431718
34.17,-118.45,180,34.170655555555555,-118.44917277777778
34.17,-118.44,215,34.17150976744186,-118.44085581395349
34.17,-118.43,104,34.17116346153846,-118.43028846153847
34.17,-118.42,62,34.169646774193545,-118.42054193548387
34.17,-118.41,129,34.17115968992248,-118.40898527131782
34.17,-118.4,301,34.16934318936877,-118.40024817275747
34.17,-118.39,107,34.169709345794395,-118.39041495327103
34.17,-118.38,633,34.16996018957346,-118.37849368088469
34.17,-118.37,521,34.169298080614205,-118.37110537428023
34.17,-118.36,161,34.17025279503106,-118.36144782608696
34.17,-118.35,4,34.1652,-118.3548
34.18,-118.67,7,34.17888571428572,-118.66677142857142
34.18,-118.66,17,34.179623529411764,-118.65897058823529
34.18,-118.65,47,34.17992127659575,-118.65195319148937
34.18,-118.64,49,34.179785714285714,-118.64091836734693
34.18,-118.63,31,34.1792129032258,-118.63074193548387
34.18,-118.62,42,34.17954523809524,-118.62155952380951
34.18,-118.61,318,34.181519811320754,-118.60877547169812
34.18,-118.6,212,34.1811537735849,-118.59915235849057
34.18,-118.59,262,34.18255496183206,-118.59145534351144
34.18,-118.58,67,34.181400000000004,-118.58287611940298
34.18,-118.57,37,34.178451351351356,-118.56946216216215
34.18,-118.56,59,34.179977966101696,-118.55916610169493
34.18,-118.55,83,34.18014096385542,-118.54998072289156
34.18,-118.54,495,34.17970101010101,-118.53917737373737
34.18,-118.53,181,34.17930497237569,-118.53040552486189
34.18,-118.52,98,34.17891020408163,-118.5205612244898
34.18,-118.51,67,34.178067164179105,-118.51037462686567
34.18,-118.5,37,34.18301891891892,-118.50117027027028
34.18,-118.48,51,34.1815,-118.48356078431371
34.18,-118.47,259,34.18136332046332,-118.4676837837838
34.18,-118.46,202,34.18012277227723,-118.4592391089109
34.18,-118.45,333,34.181429429429436,-118.44978498498499
34.18,-118.44,366,34.18154808743169,-118.44055464480876
34.18,-118.43,127,34.18061732283464,-118.43042598425197
34.18,-118.42,134,34.18042910447761,-118.41940373134328
34.18,-118.41,184,34.18137717391305,-118.4092527173913
34.18,-118.4,285,34.1803898245614,-118.3993810526316
34.18,-118.39,180,34.18111777777778,-118.38931944444444
34.18,-118.38,379,34.180069393139846,-118.38174406332453
34.18,-118.37,274,34.17863613138686,-118.37200620437956
34.18,-118.36,141,34.17996170212766,-118.36303829787234
34.19,-118.66,22,34.18734545454545,-118.65816818181817
34.19,-118.65,53,34.190209433962266,-118.65095849056604
34.19,-118.64,86,34.189187209302325,-118.64054999999999
34.19,-118.63,227,34.1888550660793,-118.62811497797357
34.19,-118.62,205,34.18871609756098,-118.62157121951219
34.19,-118.61,546,34.190110439560435,-118.60742985347986
34.19,-118.6,604,34.18891639072848,-118.60008973509933
34.19,-118.59,416,34.191683173076925,-118.59054567307693
34.19,-118.58,135,34.19177185185185,-118.58024962962962
34.19,-118.57,110,34.19209090909091,-118.56999181818182
34.19,-118.56,238,34.19097899159664,-118.55998739495799
34.19,-118.55,245,34.19051510204081,-118.55063142857142
34.19,-118.54,280,34.19040392857143,-118.54038535714285
34.19,-118.53,225,34.19081555555556,-118.53073244444444
34.19,-118.52,122,34.1907,-118.52035737704918
34.19,-118.51,137,34.19051605839416,-118.51009051094891
34.19,-118.5,146,34.1911904109589,-118.49912808219177
34.19,-118.49,145,34.19187793103448,-118.49133448275862
34.19,-118.48,246,34.190248780487806,-118.48163536585366
34.19,-118.47,352,34.192192897727274,-118.46963693181819
34.19,-118.46,307,34.19025537459284,-118.45849967426712
34.19,-118.45,371,34.19012318059299,-118.44920646900269
34.19,-118.44,379,34.189690765171505,-118.44091187335091
34.19,-118.43,178,34.18991966292135,-118.43057191011236
34.19,-118.42,302,34.1911582781457,-118.42006357615894
34.19,-118.41,192,34.19091458333333,-118.40900104166667
34.19,-118.4,220,34.18957454545455,-118.39861909090908
34.19,-118.39,326,34.19059754601227,-118.38944570552148
34.19,-118.38,242,34.190583471074376,-118.38055123966943
34.19,-118.37,311,34.1900694533762,-118.37024469453375
34.19,-118.36,54,34.19002777777778,-118.36340370370371
34.2,-118.66,13,34.198861538461536,-118.65936153846154
34.2,-118.65,25,34.19968,-118.64944799999999
34.2,-118.64,24,34.199441666666665,-118.6400125
34.2,-118.63,83,34.20105421686747,-118.62924337349396
34.2,-118.62,55,34.20011454545455,-118.62089454545455
34.2,-118.61,185,34.20063837837838,-118.61022648648648
34.2,-118.6,510,34.20024980392157,-118.5997668627451
34.2,-118.59,414,34.20044371980676,-118.59100652173912
34.2,-118.58,190,34.200887894736844,-118.57903894736843
34.2,-118.57,182,34.20123186813187,-118.57019505494506
34.2,-118.56,163,34.20023251533742,-118.55936196319018
34.2,-118.55,218,34.20105458715596,-118.55092018348623
34.2,-118.54,498,34.19999879518072,-118.54007931726908
34.2,-118.53,442,34.20055407239819,-118.5297036199095
34.2,-118.52,195,34.20079076923077,-118.52035846153846
34.2,-118.51,145,34.20029724137931,-118.51023310344829
34.2,-118.5,133,34.2009022556391,-118.49966466165414
34.2,-118.49,82,34.20004390243903,-118.4905512195122
34.2,-118.48,278,34.20062553956834,-118.48123165467625
34.2,-118.47,392,34.20065204081633,-118.46963469387755
34.2,-118.46,293,34.1993433447099,-118.45904061433447
34.2,-118.45,472,34.20046758474576,-118.44899915254238
34.2,-118.44,330,34.19939484848485,-118.44098878787878
34.2,-118.43,331,34.202022960725074,-118.43083836858005
34.2,-118.42,253,34.199934387351774,-118.4208
34.2,-118.41,246,34.20015284552846,-118.40975162601627
34.2,-118.4,195,34.19970769230769,-118.39913487179486
34.2,-118.39,319,34.19987742946708,-118.39039686520375
34.2,-118.38,244,34.20170737704918,-118.38168483606559
34.2,-118.37,137,34.20275912408759,-118.37121605839415
34.2,-118.36,8,34.2025625,-118.3636875
34.21,-118.66,10,34.208510000000004,-118.65702000000002
34.21,-118.65,31,34.212203225806455,-118.64729032258064
34.21,-118.64,21,34.208595238095235,-118.63988095238095
34.21,-118.63,29,34.20874137931035,-118.62873793103448
34.21,-118.62,70,34.21116428571429,-118.62086714285714
34.21,-118.61,142,34.211139436619725,-118.60893873239436
34.21,-118.6,207,34.21003236714976,-118.60056763285024
34.21,-118.59,125,34.210408799999996,-118.5902976
34.21,-118.58,209,34.20964545454545,-118.577285645933
34.21,-118.57,139,34.20973525179856,-118.57067050359711
34.21,-118.56,113,34.21003539823009,-118.55978053097344
34.21,-118.55,161,34.21070124223603,-118.55219378881988
34.21,-118.54,287,34.212205923344946,-118.53938083623694
34.21,-118.53,183,34.21076612021858,-118.53018469945354
34.21,-118.52,112,34.21084642857143,-118.52086517857143
34.21,-118.51,158,34.210405063291134,-118.50969493670887
34.21,-118.5,75,34.209032,-118.500668
34.21,-118.49,85,34.208412941176476,-118.4914011764706
34.21,-118.48,196,34.20835510204081,-118.4804775510204
34.21,-118.47,219,34.20927397260274,-118.46948767123288
34.21,-118.46,341,34.210855718475074,-118.45962697947213
34.21,-118.45,303,34.21035412541254,-118.44960495049506
34.21,-118.44,172,34.20793546511628,-118.4421581395349
34.21,-118.43,221,34.210761990950225,-118.4299588235294
34.21,-118.42,129,34.20913565891473,-118.4208031007752
34.21,-118.41,135,34.20942222222222,-118.40838518518518
34.21,-118.4,195,34.210316923076924,-118.3988723076923
34.21,-118.39,257,34.2094747081712,-118.38993618677043
34.21,-118.38,80,34.2099025,-118.3805075
34.21,-118.37,194,34.21116237113402,-118.37107164948453
34.21,-118.36,95,34.211366315789476,-118.36052842105263
34.21,-118.35,79,34.21080379746835,-118.35045822784811
34.21,-118.34,24,34.21097916666667,-118.34115833333334
34.22,-118.66,2,34.219449999999995,-118.6565
34.22,-118.65,18,34.22073888888889,-118.64933888888888
34.22,-118.64,19,34.21885789473684,-118.63952105263158
34.22,-118.63,27,34.21894074074074,-118.62982962962963
34.22,-118.62,67,34.2192447761194,-118.61913731343284
34.22,-118.61,64,34.21951875,-118.608625
34.22,-118.6,337,34.22028961424333,-118.6007293768546
34.22,-118.59,225,34.22168888888889,-118.5908288888889
34.22,-118.58,127,34.22090157480315,-118.57987716535432
34.22,-118.57,161,34.21981739130435,-118.57023416149069
34.22,-118.56,117,34.22129401709402,-118.56004615384616
34.22,-118.55,95,34.22014736842105,-118.55038631578948
34.22,-118.54,231,34.22111861471861,-118.53775367965368
34.22,-118.53,142,34.220532394366195,-118.53015845070423
34.22,-118.52,202,34.22213514851485,-118.51852326732673
34.22,-118.51,114,34.220063157894735,-118.50900526315789
34.22,-118.5,179,34.22079162011173,-118.4994346368715
34.22,-118.49,70,34.22087571428571,-118.48662285714285
34.22,-118.48,125,34.2199448,-118.4786464
34.22,-118.47,439,34.22080227790433,-118.46872619589976
34.22,-118.46,303,34.2213,-118.45895115511551
34.22,-118.45,586,34.221443174061434,-118.45037372013651
34.22,-118.44,196,34.21843265306122,-118.44086734693877
34.22,-118.43,187,34.2193486631016,-118.43006577540106
34.22,-118.42,87,34.22037931034483,-118.4195816091954
34.22,-118.41,94,34.219972340425535,-118.40806595744681
34.22,-118.4,211,34.220854028436015,-118.39892037914693
34.22,-118.39,322,34.21788074534162,-118.39071428571428
34.22,-118.38,86,34.220048837209305,-118.3812976744186
34.22,-118.37,271,34.219596678966795,-118.36951808118081
34.22,-118.36,115,34.21990956521739,-118.35960347826087
34.22,-118.35,55,34.21880909090909,-118.3497090909091
34.22,-118.34,3,34.216766666666665,-118.34196666666666
34.23,-118.65,8,34.227712499999996,-118.6491125
34.23,-118.63,14,34.2331,-118.6273
34.23,-118.62,6,34.226283333333335,-118.62143333333334
34.23,-118.61,76,34.226915789473686,-118.61099605263158
34.23,-118.6,206,34.22927766990291,-118.59978058252428
34.23,-118.59,239,34.229200418410045,-118.58999330543932
34.23,-118.58,131,34.23116183206107,-118.58090610687023
34.23,-118.57,73,34.230445205479455,-118.57048219178081
34.23,-118.56,272,34.23044448529412,-118.56184705882352
34.23,-118.55,241,34.22901286307054,-118.55065560165974
34.23,-118.54,231,34.22871991341991,-118.53864242424243
34.23,-118.53,181,34.228796132596685,-118.53111546961325
34.23,-118.52,40,34.2307525,-118.5208975
34.23,-118.51,105,34.23193904761904,-118.51045523809523
34.23,-118.5,143,34.22937622377622,-118.50039230769232
34.23,-118.49,95,34.22898736842105,-118.48794631578947
34.23,-118.48,102,34.230281372549015,-118.47866764705883
34.23,-118.47,507,34.23015621301775,-118.4690090729783
34.23,-118.46,484,34.22929731404958,-118.45953161157024
34.23,-118.45,427,34.23034964871194,-118.45123021077283
34.23,-118.44,191,34.23039738219895,-118.44040994764399
34.23,-118.43,102,34.22988823529412,-118.42998431372548
34.23,-118.42,85,34.23023647058823,-118.42101764705883
34.23,-118.41,25,34.23144,-118.410288
34.23,-118.4,191,34.229832984293196,-118.40092408376962
34.23,-118.39,124,34.23074516129032,-118.39186370967742
34.23,-118.38,49,34.22976326530612,-118.37903469387754
34.23,-118.37,254,34.23074803149606,-118.36974488188976
34.23,-118.36,72,34.227333333333334,-118.36236527777777
34.23,-118.35,6,34.23323333333334,-118.35218333333334
34.23,-118.34,5,34.2297,-118.33899999999998
34.23,-118.3,3,34.2291,-118.2978
34.23,-118.29,19,34.23446842105263,-118.2912157894737
34.23,-118.28,3,34.234566666666666,-118.27763333333333
34.23,-118.27,2,34.233149999999995,-118.26915
34.24,-118.64,1,34.2371,-118.6427
34.24,-118.62,11,34.24333636363636,-118.61847272727273
34.24,-118.61,71,34.24178732394366,-118.60874507042254
34.24,-118.6,126,34.240026984126985,-118.59907936507936
34.24,-118.59,124,34.23800322580646,-118.58944032258064
34.24,-118.58,91,34.24053626373627,-118.5807076923077
34.24,-118.57,59,34.24013220338983,-118.57050847457627
34.24,-118.56,513,34.24170233918128,-118.55890097465887
34.24,-118.55,129,34.2375511627907,-118.55151627906977
34.24,-118.54,300,34.240397,-118.537936
34.24,-118.53,85,34.23972823529412,-118.5324105882353
34.24,-118.52,92,34.24164130434782,-118.5217902173913
34.24,-118.51,38,34.23984473684211,-118.51026052631579
34.24,-118.5,89,34.2400202247191,-118.50086741573034
34.24,-118.49,113,34.239643362831856,-118.4892371681416
34.24,-118.48,98,34.238712244897954,-118.4794612244898
34.24,-118.47,336,34.240059226190475,-118.46842648809525
34.24,-118.46,202,34.23918465346535,-118.46035346534653
34.24,-118.45,416,34.239149519230764,-118.449415625
34.24,-118.44,117,34.24018888888889,-118.44048205128205
34.24,-118.43,120,34.24012583333333,-118.42969416666666
34.24,-118.42,121,34.240558677685954,-118.42029669421488
34.24,-118.41,105,34.23983619047619,-118.41235238095238
34.24,-118.4,92,34.23784673913043,-118.39787717391305
34.24,-118.39,113,34.23980707964602,-118.3920831858407
34.24,-118.38,4,34.24035,-118.3793
34.24,-118.37,85,34.23947647058824,-118.36990117647059
34.24,-118.36,8,34.2357625,-118.35963749999999
34.24,-118.35,1,34.2361,-118.3527
34.24,-118.34,16,34.2416125,-118.34146875
34.24,-118.32,3,34.237233333333336,-118.32130000000001
34.24,-118.31,1,34.2361,-118.3106
34.24,-118.3,3,34.2351,-118.301
34.24,-118.29,15,34.24008666666667,-118.29068000000001
34.24,-118.28,18,34.24018888888889,-118.2804388888889
34.24,-118.27,39,34.24249230769231,-118.27053846153846
34.25,-118.62,20,34.250025,-118.61964499999999
34.25,-118.61,96,34.25077395833333,-118.60723333333334
34.25,-118.6,107,34.250534579439254,-118.60092523364484
34.25,-118.59,245,34.2513718367347,-118.59041632653062
34.25,-118.58,140,34.24958,-118.58037785714285
34.25,-118.57,36,34.25085833333333,-118.57119444444444
34.25,-118.56,39,34.24984615384615,-118.56107692307691
34.25,-118.55,42,34.2503,-118.54924761904762
34.25,-118.54,120,34.2505225,-118.53767583333334
34.25,-118.53,31,34.25010645161291,-118.52955483870969
34.25,-118.52,172,34.24978023255814,-118.5209273255814
34.25,-118.51,89,34.25173258426966,-118.51098988764045
34.25,-118.5,84,34.250875,-118.49998928571428
34.25,-118.49,73,34.25085068493151,-118.48991506849316
34.25,-118.48,79,34.251256962025316,-118.48103164556963
34.25,-118.47,147,34.250697959183675,-118.46883469387754
34.25,-118.46,41,34.25029512195122,-118.45970243902438
34.25,-118.45,167,34.24854011976048,-118.44974371257484
34.25,-118.44,137,34.250174452554745,-118.44014598540146
34.25,-118.43,130,34.25076307692307,-118.43023692307692
34.25,-118.42,276,34.24860217391304,-118.41975797101449
34.25,-118.41,167,34.251136526946105,-118.40908263473054
34.25,-118.4,51,34.24993725490196,-118.40249607843137
34.25,-118.39,7,34.25012857142857,-118.38789999999999
34.25,-118.38,39,34.24825641025641,-118.38084871794872
34.25,-118.37,28,34.25108214285714,-118.37208571428572
34.25,-118.36,19,34.24805263157894,-118.36097368421052
34.25,-118.35,6,34.250949999999996,-118.35075
34.25,-118.34,4,34.25065,-118.34417499999999
34.25,-118.32,21,34.25395238095238,-118.31756666666668
34.25,-118.31,31,34.2533064516129,-118.3109
34.25,-118.3,40,34.253564999999995,-118.29802500000001
34.25,-118.29,217,34.251783410138245,-118.29014884792626
34.25,-118.28,169,34.25025798816568,-118.28049467455622
34.25,-118.27,49,34.25020408163265,-118.27101224489796
34.26,-118.62,1,34.2567,-118.6172
34.26,-118.61,57,34.25978596491228,-118.60888596491229
34.26,-118.6,220,34.258995909090906,-118.59974
34.26,-118.59,123,34.25819593495935,-118.58970650406505
34.26,-118.58,89,34.258775280898874,-118.5803797752809
34.26,-118.57,38,34.25767894736842,-118.57042105263159
34.26,-118.56,30,34.259919999999994,-118.56016
34.26,-118.55,45,34.260535555555556,-118.55013333333333
34.26,-118.54,55,34.25839090909091,-118.53728181818182
34.26,-118.53,185,34.259971891891894,-118.52977783783784
34.26,-118.52,127,34.26073070866142,-118.51926220472441
34.26,-118.51,72,34.26213333333333,-118.50877777777777
34.26,-118.5,228,34.26102236842105,-118.49950175438596
34.26,-118.49,97,34.26015979381444,-118.49059587628865
34.26,-118.48,137,34.2599197080292,-118.48106131386861
34.26,-118.47,280,34.25869142857143,-118.46813250000001
34.26,-118.46,78,34.25939743589744,-118.46090897435897
34.26,-118.45,77,34.26187792207792,-118.45115194805194
34.26,-118.44,143,34.260149650349646,-118.43782867132866
34.26,-118.43,198,34.260303535353536,-118.43098333333333
34.26,-118.42,174,34.25980747126437,-118.42046264367818
34.26,-118.41,93,34.260688172043004,-118.40970107526883
34.26,-118.4,179,34.26061955307262,-118.40006145251397
34.26,-118.39,19,34.25581052631579,-118.39307368421053
34.26,-118.38,1,34.2551,-118.3781
34.26,-118.37,8,34.26095,-118.3686
34.26,-118.36,14,34.257464285714285,-118.35832142857143
34.26,-118.35,12,34.261808333333335,-118.34841666666667
34.26,-118.34,50,34.263536,-118.33848599999999
34.26,-118.33,28,34.261225,-118.32798214285715
34.26,-118.32,165,34.26005151515152,-118.31944363636364
34.26,-118.31,142,34.261295070422534,-118.30933591549295
34.26,-118.3,157,34.25907070063695,-118.29988726114648
34.26,-118.29,108,34.25877777777777,-118.29011203703703
34.26,-118.28,26,34.25857307692308,-118.28254615384616
34.26,-118.27,1,34.256,-118.2673
34.27,-118.62,15,34.26705333333334,-118.61592666666667
34.27,-118.61,3,34.2714,-118.61099999999999
34.27,-118.6,21,34.267633333333336,-118.59898095238094
34.27,-118.59,25,34.269031999999996,-118.590728
34.27,-118.58,73,34.268223287671226,-118.58090136986301
34.27,-118.57,4,34.271125,-118.56855
34.27,-118.56,73,34.27281095890411,-118.56086712328768
34.27,-118.55,35,34.26938857142857,-118.5496942857143
34.27,-118.54,35,34.27027428571429,-118.53915428571428
34.27,-118.53,65,34.26984,-118.53176769230768
34.27,-118.52,75,34.2689,-118.52019333333332
34.27,-118.51,143,34.26879160839161,-118.51201748251748
34.27,-118.5,116,34.26993448275862,-118.49923275862069
34.27,-118.49,61,34.270609836065574,-118.49074590163934
34.27,-118.48,74,34.27036486486487,-118.47945675675675
34.27,-118.47,112,34.27100446428572,-118.46921785714287
34.27,-118.46,64,34.2689421875,-118.459525
34.27,-118.45,96,34.271387499999996,-118.44943229166667
34.27,-118.44,93,34.27088494623656,-118.44001182795698
34.27,-118.43,237,34.27044303797469,-118.42923375527427
34.27,-118.42,358,34.26958463687151,-118.41871536312848
34.27,-118.41,128,34.27098359375,-118.41082578125
34.27,-118.4,103,34.27073689320389,-118.4006718446602
34.27,-118.39,45,34.27326222222222,-118.39217333333333
34.27,-118.38,6,34.27025,-118.38303333333333
34.27,-118.37,7,34.27227142857143,-118.36872857142858
34.27,-118.36,8,34.272675,-118.3594125
34.27,-118.35,10,34.27202,-118.35022
34.27,-118.34,4,34.26935,-118.3401
34.27,-118.32,53,34.27037169811321,-118.32205660377358
34.27,-118.31,70,34.26787,-118.31076285714285
34.27,-118.3,42,34.26858095238096,-118.30142857142857
34.27,-118.29,12,34.268025,-118.29156666666667
34.27,-118.27,9,34.2714,-118.2702
34.28,-118.61,6,34.2756,-118.61234999999999
34.28,-118.6,4,34.2758,-118.605
34.28,-118.59,11,34.27958181818182,-118.58650909090908
34.28,-118.58,51,34.279276470588236,-118.57895686274509
34.28,-118.57,100,34.275803,-118.567957
34.28,-118.56,32,34.279525,-118.5592625
34.28,-118.55,58,34.27878275862069,-118.55038275862069
34.28,-118.54,40,34.279385000000005,-118.53948749999999
34.28,-118.53,38,34.27847105263157,-118.53155263157893
34.28,-118.52,29,34.28007241379311,-118.51902758620689
34.28,-118.51,140,34.27661142857143,-118.51314714285714
34.28,-118.5,59,34.28051355932204,-118.50121864406779
34.28,-118.49,57,34.2791298245614,-118.49000350877192
34.28,-118.48,56,34.27799821428572,-118.48027142857143
34.28,-118.47,79,34.279869620253166,-118.47183164556962
34.28,-118.46,83,34.28024096385543,-118.46042289156625
34.28,-118.45,66,34.27843333333333,-118.45090757575758
34.28,-118.44,25,34.276704,-118.436996
34.28,-118.43,61,34.27882786885246,-118.4274524590164
34.28,-118.42,159,34.28019937106918,-118.4199534591195
34.28,-118.41,267,34.27912846441947,-118.40815393258427
34.28,-118.4,123,34.27938048780488,-118.40126585365854
34.28,-118.39,120,34.27960083333333,-118.3896325
34.28,-118.38,67,34.27845373134328,-118.37918358208954
34.28,-118.37,11,34.278045454545456,-118.3696090909091
34.28,-118.36,14,34.277457142857145,-118.35837857142857
34.28,-118.35,18,34.276872222222224,-118.35132222222222
34.28,-118.31,1,34.2755,-118.3106
34.28,-118.3,7,34.2796,-118.30460000000001
34.28,-118.29,4,34.276375,-118.293725
34.29,-118.59,6,34.293683333333334,-118.58678333333334
34.29,-118.58,45,34.288488888888885,-118.57922888888889
34.29,-118.57,11,34.29048181818182,-118.57068181818181
34.29,-118.56,28,34.28950357142857,-118.55958571428572
34.29,-118.55,36,34.291288888888886,-118.54837222222221
34.29,-118.54,32,34.28948125,-118.54053125
34.29,-118.53,27,34.28946666666667,-118.53063703703704
34.29,-118.52,26,34.291369230769234,-118.52001923076924
34.29,-118.51,46,34.290047826086955,-118.5086804347826
34.29,-118.5,37,34.290037837837836,-118.50165135135134
34.29,-118.49,26,34.288480769230766,-118.48963846153846
34.29,-118.48,2,34.2866,-118.485
34.29,-118.47,2,34.2906,-118.4683
34.29,-118.46,61,34.29140327868852,-118.4592180327869
34.29,-118.45,165,34.29177151515152,-118.45121818181819
34.29,-118.42,64,34.287228125,-118.41761875
34.29,-118.41,55,34.28861818181818,-118.41192181818182
34.29,-118.4,23,34.28624347826087,-118.40037826086957
34.29,-118.39,17,34.2864705882353,-118.39273529411764
34.29,-118.29,1,34.2883,-118.2908
34.3,-118.59,3,34.29746666666667,-118.58643333333333
34.3,-118.58,17,34.29763529411765,-118.58191764705882
34.3,-118.57,3,34.2956,-118.57176666666668
34.3,-118.56,4,34.29655,-118.56235
34.3,-118.55,7,34.295785714285714,-118.54731428571428
34.3,-118.54,6,34.29685,-118.54293333333334
34.3,-118.53,4,34.298125,-118.52715
34.3,-118.52,19,34.2995947368421,-118.51912105263158
34.3,-118.51,42,34.30058333333333,-118.50969761904761
34.3,-118.5,18,34.30020555555555,-118.50105555555557
34.3,-118.49,9,34.2954,-118.4886
34.3,-118.48,32,34.302953125,-118.47746562500001
34.3,-118.47,84,34.301904761904765,-118.47070476190476
34.3,-118.46,123,34.29896097560976,-118.4592406504065
34.3,-118.45,146,34.29991164383562,-118.44973150684933
34.3,-118.44,84,34.30083809523809,-118.44049166666666
34.3,-118.43,47,34.30380425531915,-118.43027659574469
34.3,-118.42,94,34.29945957446808,-118.42041276595745
34.3,-118.41,62,34.29840322580645,-118.41067903225806
34.31,-118.52,8,34.3101125,-118.5186625
34.31,-118.51,21,34.30807619047619,-118.50788571428572
34.31,-118.5,18,34.30889444444445,-118.50327222222222
34.31,-118.49,8,34.31425,-118.4862
34.31,-118.48,32,34.311140625,-118.476878125
34.31,-118.47,100,34.309294,-118.471138
34.31,-118.46,97,34.30897525773196,-118.45955773195877
34.31,-118.45,73,34.30948082191781,-118.45024657534248
34.31,-118.44,228,34.309433771929825,-118.43914561403508
34.31,-118.43,208,34.308789423076924,-118.43014375
34.31,-118.42,57,34.30935789473684,-118.42051403508772
34.31,-118.41,21,34.308,-118.41202857142856
34.32,-118.5,14,34.32243571428571,-118.49604285714285
34.32,-118.49,48,34.32083125,-118.49126458333332
34.32,-118.48,62,34.31887258064516,-118.47915322580644
34.32,-118.47,50,34.319706000000004,-118.470218
34.32,-118.46,99,34.320433333333334,-118.46065555555556
34.32,-118.45,70,34.320234285714285,-118.45008714285716
34.32,-118.44,113,34.32086725663717,-118.43995221238937
34.32,-118.43,126,34.31729047619048,-118.43171507936508
34.32,-118.42,58,34.319744827586206,-118.42065172413793
34.32,-118.41,34,34.32107647058824,-118.40909411764706
34.32,-118.4,20,34.31845,-118.40136
34.33,-118.5,4,34.3304,-118.504625
34.33,-118.49,22,34.32608636363636,-118.48906818181818
34.33,-118.48,4,34.32535,-118.480625
34.33,-118.45,10,34.32613,-118.45093999999999
34.33,-118.44,12,34.326366666666665,-118.43764166666666
34.33,-118.43,17,34.326435294117644,-118.42997647058824
34.33,-118.42,4,34.326975,-118.42262500000001
34.33,-118.41,6,34.32685,-118.40826666666668
