YearMonth,AREA NAME,Count,LAT,LON
2022-01,77th Street,1026,33.97802202729044,-118.29636608187134
2022-01,Central,1292,34.04707848297214,-118.25168970588236
2022-01,Devonshire,821,34.2498365408039,-118.5384065773447
2022-01,Foothill,655,34.248363053435114,-118.38132274809159
2022-01,Harbor,783,33.77054789272031,-118.28496704980843
2022-01,Hollenbeck,614,34.05292866449512,-118.20301074918567
2022-01,Hollywood,1017,34.09919390363815,-118.330367453294
2022-01,Mission,819,34.25889133089133,-118.44967777777778
2022-01,N Hollywood,958,34.171304801670146,-118.38465542797495
2022-01,Newton,823,34.009724301336576,-118.26031032806804
2022-01,Northeast,825,34.10784072727273,-118.24484909090909
2022-01,Olympic,1024,34.06102626953125,-118.30064072265625
2022-01,Pacific,1118,33.983822450805015,-118.42523550983898
2022-01,Rampart,872,34.063492889908254,-118.27452316513761
2022-01,Southeast,858,33.937347785547786,-118.26710582750583
2022-01,Southwest,920,34.01968293478261,-118.31802597826086
2022-01,Topanga,766,34.19236657963447,-118.60123759791122
2022-01,Van Nuys,786,34.17793918575064,-118.4461631043257
2022-01,West LA,864,34.05126817129629,-118.44025324074074
2022-01,West Valley,833,34.187343097238895,-118.52050660264105
2022-01,Wilshire,872,34.062652637614676,-118.35281846330275
2022-02,77th Street,1045,33.978166507177036,-118.29670153110048
2022-02,Central,1209,34.04735384615385,-118.25091910669977
2022-02,Devonshire,739,34.2491549391069,-118.54120595399188
2022-02,Foothill,662,34.24961042296072,-118.37889592145015
2022-02,Harbor,684,33.77534444444444,-118.28592090643275
2022-02,Hollenbeck,615,34.05299869918699,-118.20287886178862
2022-02,Hollywood,1013,34.09904422507404,-118.32922902270484
2022-02,Mission,781,34.25629129321383,-118.45000985915493
2022-02,N Hollywood,846,34.17083226950354,-118.38396725768321
2022-02,Newton,1004,34.00957081673307,-118.26095866533865
2022-02,Northeast,769,34.10701989596879,-118.24734174252275
2022-02,Olympic,954,34.06055471698113,-118.30008700209643
2022-02,Pacific,961,33.98482008324662,-118.4250441207076
2022-02,Rampart,828,34.06279891304348,-118.27410096618358
2022-02,Southeast,755,33.93930264900662,-118.26680874172186
2022-02,Southwest,1004,34.020066235059765,-118.31578834661354
2022-02,Topanga,756,34.19261097883598,-118.60055357142858
2022-02,Van Nuys,709,34.178396897038084,-118.44617461212975
2022-02,West LA,808,34.05013935643564,-118.44092673267328
2022-02,West Valley,755,34.1870178807947,-118.51822185430464
2022-02,Wilshire,849,34.063588928150764,-118.35456419316843
2022-03,77th Street,1188,33.977794865319865,-118.29646203703705
2022-03,Central,1453,34.04768224363386,-118.25024404679972
2022-03,Devonshire,784,34.250916964285715,-118.53773928571428
2022-03,Foothill,628,34.24795334394904,-118.37469729299362
2022-03,Harbor,763,33.77191677588466,-118.2852479685452
2022-03,Hollenbeck,737,34.052762822252376,-118.20312048846677
2022-03,Hollywood,1055,34.09926786729858,-118.32937687203791
2022-03,Mission,833,34.257528691476594,-118.45124957983194
2022-03,N Hollywood,959,34.17133743482794,-118.38473983315954
2022-03,Newton,963,34.008983281412256,-118.26100965732087
2022-03,Northeast,826,34.10760447941889,-118.24534939467311
2022-03,Olympic,1000,34.0600757,-118.30038640000001
2022-03,Pacific,1214,33.985091350906096,-118.42404612850082
2022-03,Rampart,1035,34.062824057971014,-118.27338289855072
2022-03,Southeast,1022,33.93872788649706,-118.2666097847358
2022-03,Southwest,1119,34.01997560321716,-118.31644664879357
2022-03,Topanga,755,34.19229827814569,-118.60003708609273
2022-03,Van Nuys,756,34.17916296296296,-118.44692288359788
2022-03,West LA,896,34.051407142857144,-118.44032901785714
2022-03,West Valley,828,34.188664734299515,-118.52097053140096
2022-03,Wilshire,920,34.06163152173913,-118.35122032608695
2022-04,77th Street,1246,33.97787199036918,-118.2963408507223
2022-04,Central,1516,34.04736846965699,-118.2503848944591
2022-04,Devonshire,797,34.24918168130489,-118.5417322459222
2022-04,Foothill,629,34.2494933227345,-118.37933577106517
2022-04,Harbor,778,33.7728264781491,-118.2858440874036
2022-04,Hollenbeck,685,34.055462773722624,-118.20354832116789
2022-04,Hollywood,1037,34.09935949855352,-118.32923712632595
2022-04,Mission,783,34.25462349936143,-118.45171685823755
2022-04,N Hollywood,937,34.1712772678762,-118.38483927427961
2022-04,Newton,954,34.00851394129979,-118.26126572327044
2022-04,Northeast,855,34.10679906432748,-118.24662175438597
2022-04,Olympic,1041,34.06024159462056,-118.30000038424592
2022-04,Pacific,1161,33.98489112833764,-118.42471016365204
2022-04,Rampart,1009,34.06410733399405,-118.27481328047573
2022-04,Southeast,969,33.93957430340558,-118.26743054695562
2022-04,Southwest,1119,34.02040840035746,-118.31507363717606
2022-04,Topanga,747,34.1914639892905,-118.60127536813923
2022-04,Van Nuys,846,34.178913829787234,-118.44813522458628
2022-04,West LA,903,34.05246722037652,-118.43829401993356
2022-04,West Valley,893,34.1864006718925,-118.52237110862262
2022-04,Wilshire,923,34.06189913326111,-118.35178743228603
2022-05,77th Street,1368,33.97876593567252,-118.29724078947368
2022-05,Central,1489,34.04773310946944,-118.25019288112827
2022-05,Devonshire,768,34.250547265625,-118.53999388020833
2022-05,Foothill,736,34.246984239130434,-118.38348885869564
2022-05,Harbor,742,33.773641509433965,-118.2870421832884
2022-05,Hollenbeck,759,34.053606982872196,-118.20366666666666
2022-05,Hollywood,1037,34.09923616200579,-118.3295343297975
2022-05,Mission,842,34.25406769596199,-118.45051733966747
2022-05,N Hollywood,1021,34.17310626836435,-118.38626013712047
2022-05,Newton,1025,34.00926,-118.26120975609757
2022-05,Northeast,905,34.106695359116024,-118.24613679558011
2022-05,Olympic,1000,34.060230000000004,-118.3005472
2022-05,Pacific,1143,33.98438258967629,-118.42559011373577
2022-05,Rampart,998,34.06380320641283,-118.27409018036072
2022-05,Southeast,1063,33.93732041392286,-118.26645832549389
2022-05,Southwest,1132,34.02050097173145,-118.31697694346289
2022-05,Topanga,898,34.192080734966595,-118.60021469933184
2022-05,Van Nuys,827,34.1805338573156,-118.44710906892382
2022-05,West LA,934,34.05243286937902,-118.43957312633833
2022-05,West Valley,847,34.18711782762692,-118.52072219598583
2022-05,Wilshire,931,34.06123501611171,-118.34963813104189
2022-06,77th Street,1311,33.978430816170864,-118.29638665141113
2022-06,Central,1471,34.04739252209381,-118.25026852481305
2022-06,Devonshire,845,34.24972295857988,-118.5417252071006
2022-06,Foothill,697,34.247643041606885,-118.38123457675752
2022-06,Harbor,751,33.76854074567244,-118.28555059920106
2022-06,Hollenbeck,733,34.054440654843106,-118.20358035470669
2022-06,Hollywood,1184,34.09958927364865,-118.33020633445945
2022-06,Mission,774,34.256001421188635,-118.45024134366925
2022-06,N Hollywood,969,34.17299628482972,-118.38486842105263
2022-06,Newton,1073,34.01112739981361,-118.26075806150978
2022-06,Northeast,851,34.10647003525264,-118.24664242068155
2022-06,Olympic,1039,34.06082319538017,-118.30000500481232
2022-06,Pacific,1019,33.984102845927374,-118.42434533856724
2022-06,Rampart,975,34.06244410256411,-118.27423979487179
2022-06,Southeast,1149,33.93738485639687,-118.26635404699738
2022-06,Southwest,1138,34.01997284710017,-118.3166904217926
2022-06,Topanga,829,34.192905186972254,-118.60118588661038
2022-06,Van Nuys,803,34.17977322540473,-118.44717272727273
2022-06,West LA,921,34.05125884907709,-118.44116536373507
2022-06,West Valley,859,34.1853848661234,-118.52134714784633
2022-06,Wilshire,877,34.06231870011403,-118.3517833523375
2022-07,77th Street,1286,33.97747418351477,-118.29710202177294
2022-07,Central,1564,34.047509910485935,-118.25083030690537
2022-07,Devonshire,767,34.24933129074315,-118.54025749674055
2022-07,Foothill,678,34.24871755162242,-118.37991843657818
2022-07,Harbor,824,33.77110983009709,-118.28507973300971
2022-07,Hollenbeck,757,34.05323500660502,-118.20401334214003
2022-07,Hollywood,1136,34.09928327464789,-118.33039797535211
2022-07,Mission,766,34.25317584856397,-118.45060208877285
2022-07,N Hollywood,933,34.172136334405145,-118.38427899249733
2022-07,Newton,1061,34.00965984919887,-118.2604395852969
2022-07,Northeast,895,34.1063705027933,-118.24310268156425
2022-07,Olympic,1000,34.0608845,-118.3004933
2022-07,Pacific,1099,33.98347761601456,-118.42199708826206
2022-07,Rampart,923,34.06353022751896,-118.27449815817985
2022-07,Southeast,1002,33.93887834331337,-118.26653522954092
2022-07,Southwest,1040,34.019796057692304,-118.31640625
2022-07,Topanga,802,34.19258154613467,-118.60101346633417
2022-07,Van Nuys,765,34.1788814379085,-118.44805450980392
2022-07,West LA,904,34.05162311946903,-118.44166969026548
2022-07,West Valley,841,34.18769013079667,-118.52087859690845
2022-07,Wilshire,958,34.06171743215031,-118.35249624217118
2022-08,77th Street,1223,33.97778152085037,-118.29732910874897
2022-08,Central,1706,34.04718417350528,-118.25105023446659
2022-08,Devonshire,815,34.24959423312884,-118.54176711656442
2022-08,Foothill,631,34.24870744849445,-118.38087511885897
2022-08,Harbor,816,33.77158259803922,-118.28447830882354
2022-08,Hollenbeck,772,34.053376036269434,-118.2039396373057
2022-08,Hollywood,1087,34.09904388224471,-118.33025455381784
2022-08,Mission,740,34.25353351351351,-118.45078783783784
2022-08,N Hollywood,971,34.17213388259526,-118.38459670442843
2022-08,Newton,1011,34.01050257171118,-118.26004362017804
2022-08,Northeast,884,34.1077734162896,-118.2426580316742
2022-08,Olympic,995,34.06048381909548,-118.30044793969849
2022-08,Pacific,1109,33.98444779080253,-118.4230541027953
2022-08,Rampart,917,34.063361941112326,-118.27426444929117
2022-08,Southeast,1026,33.939403703703704,-118.26693177387915
2022-08,Southwest,1128,34.020270035460996,-118.31492021276597
2022-08,Topanga,806,34.19283200992556,-118.60175459057072
2022-08,Van Nuys,869,34.178451323360186,-118.44689159953971
2022-08,West LA,847,34.05199539551357,-118.43766576151123
2022-08,West Valley,872,34.18961880733945,-118.52243084862386
2022-08,Wilshire,910,34.06129626373626,-118.35151516483518
2022-09,77th Street,1209,33.976777253928866,-118.29738519437552
2022-09,Central,1522,34.04747680683312,-118.25030367936925
2022-09,Devonshire,792,34.249794065656566,-118.5375231060606
2022-09,Foothill,631,34.24768431061806,-118.37491537242471
2022-09,Harbor,771,33.771793774319065,-118.28568287937742
2022-09,Hollenbeck,674,34.05217744807122,-118.20464910979229
2022-09,Hollywood,1044,34.09974885057471,-118.3293454980843
2022-09,Mission,716,34.25561466480447,-118.45103533519554
2022-09,N Hollywood,876,34.171586073059366,-118.38367054794521
2022-09,Newton,1077,34.00994048282266,-118.26031457753018
2022-09,Northeast,824,34.106353155339804,-118.24624417475728
2022-09,Olympic,1025,34.06037190243903,-118.30081112195121
2022-09,Pacific,991,33.98541775983855,-118.42422563067609
2022-09,Rampart,883,34.06348471121178,-118.27428323895809
2022-09,Southeast,969,33.94004231166151,-118.26796274509803
2022-09,Southwest,1174,34.02022487223169,-118.31535502555367
2022-09,Topanga,772,34.19237642487047,-118.60144520725389
2022-09,Van Nuys,838,34.17845405727924,-118.44650823389021
2022-09,West LA,794,34.05214256926952,-118.43967443324938
2022-09,West Valley,840,34.1899244047619,-118.52257773809524
2022-09,Wilshire,908,34.06088381057269,-118.35176167400881
2022-10,77th Street,1291,33.97775073586367,-118.29838210689388
2022-10,Central,1532,34.047208289817235,-118.25074712793733
2022-10,Devonshire,854,34.24945679156909,-118.53841545667449
2022-10,Foothill,595,34.246710420168064,-118.37672672268909
2022-10,Harbor,792,33.772091414141414,-118.28465075757576
2022-10,Hollenbeck,747,34.05384698795181,-118.20287376171353
2022-10,Hollywood,1080,34.09875175925926,-118.32889527777778
2022-10,Mission,683,34.255758418740854,-118.45046881405563
2022-10,N Hollywood,885,34.17254384180791,-118.38538564971752
2022-10,Newton,1026,34.01030467836257,-118.26110536062379
2022-10,Northeast,896,34.10797444196429,-118.24346941964286
2022-10,Olympic,1103,34.06001595648232,-118.30107515865821
2022-10,Pacific,1159,33.98468602243313,-118.4242179465056
2022-10,Rampart,993,34.063347331319235,-118.27446334340384
2022-10,Southeast,978,33.939207873210634,-118.2673625766871
2022-10,Southwest,1351,34.020291783863804,-118.31730769800149
2022-10,Topanga,761,34.192166097240474,-118.60094914586071
2022-10,Van Nuys,846,34.17882364066194,-118.44763404255319
2022-10,West LA,823,34.05151324422843,-118.439904981774
2022-10,West Valley,915,34.187001092896175,-118.52017355191256
2022-10,Wilshire,1017,34.06180668633235,-118.35103038348083
2022-11,77th Street,1146,33.977441361256545,-118.2975829842932
2022-11,Central,1438,34.047426773296245,-118.25088351877609
2022-11,Devonshire,768,34.250393098958334,-118.54012265624999
2022-11,Foothill,642,34.248445638629285,-118.37364314641744
2022-11,Harbor,665,33.76986857142857,-118.28426330827067
2022-11,Hollenbeck,685,34.05354189781022,-118.20296145985402
2022-11,Hollywood,956,34.09958075313808,-118.32861830543933
2022-11,Mission,743,34.251891655450876,-118.45152503364737
2022-11,N Hollywood,882,34.171473582766446,-118.3844290249433
2022-11,Newton,963,34.011127725856696,-118.25999387331257
2022-11,Northeast,809,34.10714165636588,-118.24371446229912
2022-11,Olympic,889,34.05972902137233,-118.30082159730034
2022-11,Pacific,991,33.98422855701312,-118.42144016145309
2022-11,Rampart,883,34.06402785956965,-118.27398108720273
2022-11,Southeast,906,33.93833951434879,-118.26650640176601
2022-11,Southwest,1104,34.02044710144928,-118.31320570652174
2022-11,Topanga,764,34.192540837696335,-118.60053965968586
2022-11,Van Nuys,807,34.178129120198264,-118.44651982651796
2022-11,West LA,884,34.05100735294118,-118.43875633484163
2022-11,West Valley,875,34.18541142857143,-118.52077542857143
2022-11,Wilshire,942,34.06125966029724,-118.35067239915075
2022-12,77th Street,1229,33.97774694873881,-118.29823474369405
2022-12,Central,1518,34.04750592885376,-118.25038603425561
2022-12,Devonshire,836,34.25022583732057,-118.53889736842106
2022-12,Foothill,680,34.24817970588236,-118.37670661764706
2022-12,Harbor,826,33.772302905569006,-118.28581113801452
2022-12,Hollenbeck,743,34.054549125168236,-118.20249179004038
2022-12,Hollywood,896,34.09985301339286,-118.328621875
2022-12,Mission,791,34.25278204804046,-118.4499236409608
2022-12,N Hollywood,954,34.171055555555554,-118.38589937106919
2022-12,Newton,950,34.00878915789473,-118.26062242105263
2022-12,Northeast,842,34.10803076009501,-118.24478717339667
2022-12,Olympic,989,34.0608462082912,-118.30042254802831
2022-12,Pacific,1081,33.984670767807586,-118.42082405180388
2022-12,Rampart,887,34.063630890642614,-118.27388162344984
2022-12,Southeast,1049,33.93923860819828,-118.26690428979981
2022-12,Southwest,1181,34.02079966130398,-118.3166116850127
2022-12,Topanga,804,34.194067412935325,-118.60122176616915
2022-12,Van Nuys,860,34.17856686046512,-118.44693127906977
2022-12,West LA,928,34.052476508620686,-118.43959439655173
2022-12,West Valley,924,34.18607272727272,-118.52067445887445
2022-12,Wilshire,1061,34.06168473138549,-118.35215127238455
